"municipio","valor","unidade","rotas_descritas","evidencia","confianca","erro"
"Agudo","vermelho","semáforo (verde/vermelho)","N/A","Mapeamento e identificação de riscos e indicação para mapear as principais rotas de fuga para situação de evacuação da população. (trecho: ""Mapear as principais rotas de fuga para situação de evacuação da população"") e lista de abrigos com endereços sem indicação de trajeto (ex.: ""LISTA DE ABRIGOS Identificação: Ginásio Municipal de Agudo Endereço: Avenida Tiradentes, 1625"")","alta",""
"Alto Alegre","vermelho","semáforo (verde/vermelho)","N/A","Não há descrito no documento um trajeto de evacuação com ruas/vias nomeadas ligando a área de risco a um ponto de encontro; o plano menciona ações gerais, listas de áreas de risco, 'retirar e encaminhar pessoas a casas de parentes e, se necessário, aos abrigos' e 'preparar route/signage planning for vulnerable areas', além de uma 'LISTA DE ABRIGOS' com endereço, mas não trajetos nomeados específicos.","alta",""
"Alto Feliz","vermelho","semáforo (verde/vermelho)","N/A","A evacuação ... sendo a evacuação das áreas afetadas sempre pelas principais ruas a serem definidas de acordo com a magnitude do evento adverso, devendo ter ruas de saída e ruas de entrada das equipes de Resgate.","alta",""
"Alvorada","vermelho","semáforo (verde/vermelho)","N/A","a evacuação das áreas afetadas sempre pelas principais ruas e avenidas a serem definidas de acordo com a magnitude do evento adverso","alta",""
"Amaral Ferrador","vermelho","semáforo (verde/vermelho)","N/A","não há descrição de trajeto de evacuação com ruas nomeadas; o documento cita apenas áreas de risco (ex.: ""Margens do Arroio Velhaco"", ""Estradas do interior do município"") e ações/genéricas (ex.: ""Reparos em estradas e pontes"", ""Abrigar e cadastrar os afetos"")","alta",""
"Anta Gorda","vermelho","semáforo (verde/vermelho)","N/A","Seção 4 (Áreas de Risco do Município): tabela com Local — ""Toda a área do município""; ações (5.1–5.5) incluem ""Acionar o plano"", ""Danos humanitários"", ""Danos públicos"" e ""Assistência"" — não há descrição de trajeto ou ruas nomeadas conectando áreas de risco a ponto de encontro.","alta",""
"Arambaré","verde","semáforo (verde/vermelho)","Distrito da Santa Rita do Sul: ""a. Estrada Costa Doce > Sede do Município.""; Bairro Cibislândia / Caramuru: mapa com rota anotada ""a. Estrada Mendes Ribeiro Filho / BR 116 / Município de Tapes""; Av. Cel. Nei Azambuja > Estrada Terra Dura > ERS 350 (rota exibida em mapa).","item “10.1. Distrito da Santa Rita do Sul: a. Estrada Costa Doce > Sede do Município.” [ref_id:1] | mapa rotas: ""a. Estrada Mendes Ribeiro Filho / BR 116 / Município de Tapes"" (Bairro Cibislândia / Caramuru) [ref_id:0] | mapa rotas: ""b. Av. Cel. Nei Azambuja > Estrada Terra Dura > ERS 350"" [ref_id:0]","alta",""
"Araricá","vermelho","semáforo (verde/vermelho)","N/A","LISTA DE ABRIGOS ... Abrigo I ... Endereço: Estrada Salão Queimado, nº240, Localidade Porto Palmeira/Imperatriz; Abrigo II ... Endereço: Av. José Antônio de Oliveira Neto, 248, Centro, Araricá; Abrigo III ... Endereço: R. Jacob Rech, 226 - Centro, Araricá - RS","alta",""
"Arroio Grande","vermelho","semáforo (verde/vermelho)","N/A","Seções do plano listam ""Áreas de Risco do Município"" com locais e ruas (ex.: Bairro Promorar, Av. Nossa Senhora da Graça, Av. Marcos Christ Filho, Rua Basílio Conceição, Rua Senador Salgado Filho) e inventário de recursos/estoque emergencial, mas não descrevem trajetos de evacuação específicos ligando áreas de risco a pontos de encontro com ruas nomeadas nem mapas de rotas","alta",""
"Arroio do Meio","verde","semáforo (verde/vermelho)","Rua Júlio de Castilhos até esquina das Ruas Bento Gonçalves e São José; Rua Gustavo Wienandts/Centro até pontos diversos; Rua Emílio F. Kaufmann (transposição) e Rua Marechal Floriano Peixoto (entroncamento com Emílio Francisco Kaufmann); Acesso à Rua Tiradentes pela Marechal Floriano Peixoto; Rua Maurício Cardoso (próx. Panifício Majolo) até Ponte do Bairro Aimoré; Rua Campos Sales (toda extensão) e travessias que ligam à Creche Atalaia; Rua Dr. João Carlos Machado (esquina com Oficina do Gerson) e Rua Visconde do Rio Branco (quadra da CNEC) — trajetos citados ligando áreas afetadas a pontos de passagem/saída da área de risco.","""Rua Júlio de Castilhos até esquina das Ruas Bento Gonçalves e São José""; ""Rua Gustavo Wienandts/Centro""; ""As águas represadas do Arroio do Meio/Maracangalha transpõem a Rua Emílio F. Kaufmann""; ""Acesso a Rua Tiradentes, pela Marechal Floriano Peixoto""; ""Acesso à Ponte do Bairro Aimoré""; ""Toda extensão da rua Campos Sales e AMAM""; ""Rua Dr. João Carlos Machado, esquina com a rua da Oficina do Gerson""; ""Rua Visconde do Rio Branco, na quadra da CNEC"" [ref_id:0][ref_id:6][ref_id:2][ref_id:14]","alta",""
"Arroio do Padre","vermelho","semáforo (verde/vermelho)","N/A","Índice mostra seção ""2.1.2 Rota de fuga"" sem conteúdo legível nas páginas recuperadas; páginas do PLANCON obtidas apresentam títulos, finalidade, instruções, atribuições e contatos, mas não descrevem trechos de trajeto com ruas nomeadas nem mapa de rotas específico para evacuação (ex.: páginas mostram ""2.1.4 Planejamento"", ""Ativação do Plano"", lista de instituições e contatos, e nota de que cenários incluem áreas de risco e ações, porém não há indicação de ruas nomeadas ou ponto de encontro descrito). [ref_id:0][ref_id:3][ref_id:9][ref_id:6][ref_id:5]","alta",""
"Arroio dos Ratos","vermelho","semáforo (verde/vermelho)","N/A","""a evacuação das áreas afetadas sempre pelas principais ruas e avenidas a serem definidas de acordo com a magnitude do evento adverso"" [ref_id:1]","alta",""
"Arvorezinha","vermelho","semáforo (verde/vermelho)","N/A","Áreas de Risco do Município: Diversos pontos no interior do município, como, Linha Quarta, Linha Quinta, Linha Forqueta, Linha São José e Linha Torres Gonçalves. (lista de abrigos com endereços: Ginásio Municipal, Esporte Clube São Luiz, Prefeitura Municipal, Salão Paroquial)","alta",""
"Barra do Ribeiro","vermelho","semáforo (verde/vermelho)","N/A","Não há indicação de trajeto de evacuação com ruas nomeadas; o documento traz ações gerais de resposta e responsabilidades (ex.: ""Acionar mecanismos do Plano de Contingência"", ""Disponibilizar veículos para transporte..."", ""Garantir restabelecimento de vias de acesso"") e campos de infraestrutura (endereços de prefeitura e local de doações), mas não descreve rota específica ligada por nomes de ruas até ponto de encontro","alta",""
"Barracão","vermelho","semáforo (verde/vermelho)","N/A","Não há descrição de trajeto de evacuação com ruas/vias nomeadas ligando área de risco a ponto de encontro; o documento apresenta apenas lista de abrigos com endereços (ex.: ""Ginásio da Escola Constantino Machado Pereira ... Endereço: RUA VITÓRIO TREVISAN, 484, OPERÁRIO"") e orientações genéricas de resposta (ex.: ""Dispor de veículos para o transporte de recursos humanos e materiais para socorrer às vítimas."") [ref_id:9][ref_id:7]","alta",""
"Barros Cassal","vermelho","semáforo (verde/vermelho)","N/A","Seções mencionam 'Rotas de fuga', 'Áreas de evacuação' e 'Pontos de encontro', mas o texto apresenta apenas a lista de itens (Posto de Comando; Área de espera; Áreas de evacuação; Rotas de fuga; Pontos de encontro; Abrigos) e abrigos com endereços (Ex.: Ginásio Municipal — Plano A; Salão Paroquial — Plano B), sem descrição de trajeto por ruas nomeadas nem mapa de rotas específico.","alta",""
"Barão de Cotegipe","vermelho","semáforo (verde/vermelho)","N/A","Documentos listam ações gerais como ""remover pessoas de áreas de risco"" e ""isolar áreas afetadas e definir perímetros de ação (zonas quentes/mornas/frias)"" e itens operacionais (avisos, alarmes, acionamento de recursos), mas não indicam ruas nomeadas nem trajeto até ponto de encontro específico.","alta",""
"Barão do Triunfo","verde","semáforo (verde/vermelho)","Linha amarela marcada como ""Rota de saída"" no mapa temático e na planta urbana inset, conectando áreas de risco ao ponto de encontro/local seguro indicado (mapa mostra rota nomeada/identificada visualmente ligando áreas urbanas e abrigos).","Legenda do mapa: ""Linha tracejada amarela mostrando a designada 'Rota de saída' (evacuação/exit route)"" e descrição: ""Yellow dashed line showing the designated \""Rota de saída\"" (evacuation/exit route)."" [ref_id:0][ref_id:0]","media",""
"Barão","vermelho","semáforo (verde/vermelho)","N/A","Não há descrição de trajeto de evacuação específico com ruas nomeadas; o documento menciona apenas procedimentos genéricos (ex.: ""fechamento de vias, abrigo emergencial"", ""pelas vias principais"" não aparece literalmente) e lista de abrigos com capacidade e locais (ex.: ""Centro de Convivência"", ""Ginásio Municipal"") e anexos de mapas de áreas de risco, sem rotas nominadas.","alta",""
"Boa Vista do Cadeado","vermelho","semáforo (verde/vermelho)","N/A","O documento lista 'Lista de Abrigos' com endereços (Ginásio Municipal; Salão do Parque de exposições) e instruções genéricas como 'Remover e dirigir pessoas para casas de familiares ou, se necessário, para abrigos' e 'controlar o trânsito e garantir transporte coletivo em áreas não inundadas', mas não descreve trajetos de evacuação especificando ruas/vias nomeadas ligando área de risco a ponto de encontro.","alta",""
"Boa Vista do Incra","vermelho","semáforo (verde/vermelho)","N/A","12. ROTAS DE FUGA E PONTOS DE ENCONTRO: ""Não se fez necessária a elaboração de rotas de fuga específicas para o município de Boa Vista do Incra, considerando que a área urbana é de pequena extensão e facilmente acessível em sua totalidade.""","alta",""
"Bom Princípio","vermelho","semáforo (verde/vermelho)","N/A","Documento contém listas de hidrantes, mapas de risco e tabelas de localidades e pontos de referência, mas não descreve trajeto de evacuação com ruas/vias nomeadas ligando área de risco a ponto de encontro; exemplos de conteúdo: ""Relação dos Hidrantes distribuídos pelo Município""; mapa: ""Cartografia de Risco Geológico — Mapa Índice""; tabela com localidades e referências como ""em frente à escola"" ou ""Ao lado do hospital"" (sem indicar rotas específicas). [ref_id:3][ref_id:4][ref_id:0]","alta",""
"Bom Retiro do Sul","vermelho","semáforo (verde/vermelho)","N/A","""As rotas de fuga são todas no sentido contrário à direção da margem esquerda do Rio Taquari, utilizando várias ruas."" [ref_id:0]","alta",""
"Brochier","vermelho","semáforo (verde/vermelho)","N/A","O documento lista evacuação e alojamento em abrigos e casas de parentes, e contém um ""Mapa da cidade de Brochier com abrigos, Brigada Militar, Posto de Saúde e Prefeitura"" nos anexos, mas não descreve trajetos específicos com ruas nomeadas ligando áreas de risco a pontos de encontro (ex.: ""pela Rua X até a Escola Y""). Trechos: ""5.3 – Evacuação; assistência às vítimas com cadastramento via Secretaria Municipal da Assistência Social e alojamento em abrigos e casas de parentes."" [ref_id:3][ref_id:4] e ""Anexo B - Mapa da cidade de Brochier com abrigos, Brigada Militar, Posto de Saúde e Prefeitura."" [ref_id:12][ref_id:13]","alta",""
"Butiá","vermelho","semáforo (verde/vermelho)","N/A","No documento há procedimentos de evacuação e indicação de pontos de encontro e abrigos, mas não há descrição de trajetos específicos com ruas nomeadas ligando áreas de risco a pontos de encontro; por exemplo: ""Apoiar na remoção dos moradores para o ponto de encontro e abrigo."" [ref_id:6] e o Anexo I lista ABRIGOS com endereços (ex.: ""ABRIGO I - GINÁSIO MUNICIPAL GASTÃO HOFF"") [ref_id:10][ref_id:11], enquanto o texto descreve evacuação genérica: ""Acionamento dos meios de transportes para evacuação da área (caminhões e ônibus)"" [ref_id:4].","alta",""
"Cacequi","verde","semáforo (verde/vermelho)","Evacuação organizada pela COMPDEC com pontos de encontro e áreas de evacuação pré‑definidos; rotas/movimentação indicadas ""Área de espera"" e ""Pontos de encontro"" a serem estabelecidos no Posto de Comando da Coordenação Municipal de Proteção e Defesa Civil ou local definido pela COMPDEC; referências a trajetos específicos ligados a abrigos/pontos: direcionamento de evacuados para Ginásio de Esporte Dirceu Andrade Caputti, Escola Municipal Débora Conceição e Escola Municipal São Luiz Gonzaga.","“Área de espera” e “Pontos de encontro”, a serem estabelecidos na Coordenação Municipal de Proteção e Defesa Civil ou local definido pela COMPDEC conforme a urgência”[ref_id:21] ; lista de abrigos/pontos prioritários: “Ginásio de Esporte Dirceu Andrade Caputti; Escola Municipal Débora Conceição; Escola Municipal São Luiz Gonzaga”[ref_id:17]","media",""
"Cachoeira do Sul","vermelho","semáforo (verde/vermelho)","N/A","""preparação de abrigos e rotas de fuga""; não há trechos que descrevam trajeto específico com ruas nomeadas ligando área de risco a ponto de encontro nem mapas de rotas explícitos nos trechos recuperados","alta",""
"Cachoeirinha","vermelho","semáforo (verde/vermelho)","N/A","“As ÁREAS DE EVACUAÇÃO serão planejadas sempre que houver a necessidade da evacuação de urgência.” [ref_id:3]","alta",""
"Cacique Doble","vermelho","semáforo (verde/vermelho)","N/A","Não há no documento trajetos de evacuação com ruas/vias nomeadas ligando área de risco a ponto de encontro; o plano lista ações de evacuação, abrigos com endereços e recursos, mas sem descrição de rotas específicas: ""5.3 - Evacuação; assistência as vítimas com cadastramento via Secretaria Municipal da Assistencia Social e alojamento em abrigos e casas de parentes""[ref_id:3][ref_id:9] e lista de abrigos com endereços (ex.: ""Ginásio Municipal de Esportes Frei Bruno Fardo, Avenida Guarani""; ""CTG Rincão dos Coroados, Rua Getúlio Guimarães""; ""Esporte Clube Internacional, Avenida Kaingang"")[ref_id:7].","alta",""
"Camaquã","vermelho","semáforo (verde/vermelho)","N/A","Lista De Abrigos... Abrigo I Identificação: GINÁSIO MUNICIPAL DE ESPORTE WADISLAU NIEMXESKI Endereço: Av. Ernani Silveira, 590, bairro Olaria; Abrigo II ... Endereço: Rua João de Oliveira,57, Centro; Abrigo III ... Endereço: Rua João de Oliveira, 30, centro de Camaquã","alta",""
"Camargo","vermelho","semáforo (verde/vermelho)","N/A","O documento lista cenários de risco, ações por evento, infraestrutura e abrigos (ex.: ""ações — limpeza de drenos e vias, abrigos emergenciais""; ""dois abrigos (Ginásio Sílvio Bernardon e Ginásio Parque de Rodeios)""), mas não descreve trajetos de evacuação com ruas nomeadas ou mapas de rotas específicos.","alta",""
"Campo Bom","vermelho","semáforo (verde/vermelho)","N/A","O documento descreve procedimentos de alerta, ativação do plano, critérios de mobilização, áreas de atuação das secretarias e lista de responsabilidades, mas não apresenta trajetos de evacuação com ruas/vias nomeadas ligando áreas de risco a pontos de encontro ou mapa de rotas definido (ex.: ""ruas a serem definidas"" ou referências genéricas a área de espera e abrigos) — trechos exemplares: ""Estabelecer uma área de espera e designar um encarregado""; ""Promover a organização SCO (Seção de Comando de Operações), da área de espera, os abrigos e os recursos de socorro.""","alta",""
"Campos Borges","vermelho","semáforo (verde/vermelho)","N/A","""5.2 Retirar e encaminhar as pessoas para abrigos""; lista de abrigos com endereços (ex.: ""Abrigo I ... Endereço: Rua Vicente Palotti ..."", ""Abrigo II ... Endereço: Rua Ipiranga"", ""Abrigo III ... Endereço: Rua. Hilário Tura"")","alta",""
"Candelária","vermelho","semáforo (verde/vermelho)","N/A","""Sempre que houver necessidade de evacuação de urgência, serão estabelecidas as rotas de acordo com o evento."" [ref_id:5]","alta",""
"Canguçu","vermelho","semáforo (verde/vermelho)","N/A","Seção '7. ABRIGOS' lista abrigos com endereços (ex.: 'ABRIGO – 1 • Nome: Ginásio Municipal Conrado Ernani Bento • Endereço: Rua Teofilo de Souza Matos S/n, bairro Vila Isabel, Canguçu-RS') e o documento refere-se a 'vias principais' ou rotas a serem definidas de acordo com o evento em outros trechos; não há descrição de trajeto de evacuação específico com ruas/vias nomeadas ligando área de risco a ponto de encontro.","alta",""
"Canoas","verde","semáforo (verde/vermelho)","Lista de vias principais sugeridas como rotas de escoamento/evacuação: BR-116; BR-448; RS-118 / Avenida 17 de Abril; Avenida Boqueirão; Avenida Rio Grande do Sul; Avenida Farroupilha; Avenida Acucena; Avenida Santos Ferreira; além de acesso estratégico ao base de apoio via Avenida Farroupilha, Avenida Boqueirão, Avenida Açucena / Avenida Getúlio Vargas e RS-118 (Avenida 17 de Abril).","Título da seção: ""10- ROTAS DE ESCOAMENTO DO TRÂNSITO IDENTIFICADAS EM CADA ÁREA DE RISCO"" seguido de lista com vias: ""BR-116 (...)""; ""BR-448 (...)""; ""RS-118 or associated avenues (ex: Avenida 17 de Abril)""; ""Avenida Boqueirão""; ""Avenida Rio Grande do Sul""; ""Avenida Farroupilha""; ""Avenida Acucena""; ""Avenida Santos Ferreira""; e em trecho de ""Acessos estratégicos"": ""Avenida Farroupilha – main arterial road; Avenida Boqueirão – evacuation route...; Avenida Açucena / Avenida Getúlio Vargas...; RS-118 (Eixo Avenida 17 de Abril) – important intermunicipal connection, ideal for quick escape routes."" [ref_id:2][ref_id:4]","alta",""
"Canudos do Vale","vermelho","semáforo (verde/vermelho)","N/A","A evacuação: ... A evacuação poderá ser auxiliada por: líderes comunitários, NUPDECs, agentes comunitários de Saúde, além de voluntários. Se for necessário, haverá o emprego de força de segurança pública – Polícia Militar.","alta",""
"Capela de Santana","vermelho","semáforo (verde/vermelho)","N/A","No documento há apenas indicação de áreas de risco genéricas, lista de abrigos com endereços (ex.: CRAS, Av. Coronel Orestes Lucas, nº 2720) e menção a avisos por rádio/auto de som e 'vias principais', sem descrição de trajetos nominais ligando origem a ponto de encontro (não há frases como 'pela Rua X até a Escola Y')","alta",""
"Capitão","verde","semáforo (verde/vermelho)","1) Linha Marinheira e Cascata: Estrada principal de Linha Marinheira sentido à Sede → Rua 20 de Março → Rua Balduino Blatt → Ginásio Municipal; Ponto de Encontro: Capela de Linha Marinheira. 2) São Jacó / Linha Alegre: Estrada principal de São Jacó sentido à Sede → Rua Miguel Hunhoff → Rua Balduino Blatt → Ginásio Municipal; Ponto de Encontro: Salão comunitário de Linha São Jacó. (rota alternativa para Linha Alegre: Estrada Linha Alegre → Estrada Geral → Rua Leopoldo Gasparotto → Rua 20 de Março → Rua Balduino Blatt → Ginásio Municipal). 3) Linha Bicudo: Estrada Bicudo sentido à sede → Estrada Picada São Paulo → Rua Miguel Hunhoff → Rua Balduino Blatt → Ginásio Municipal; Ponto de Encontro: Igreja da comunidade de Bicudo. 4) Bairro Imigrante / Centro: Rua Balduino Blatt → Ginásio Municipal; Ponto de Encontro: Praça central. 5) Alto Palmas: Estrada Alto Palmas sentido à sede → Escola Alto Palmas ou Ginásio; Ponto de Encontro: Igreja Alto Palmas.","""Rota: Estrada principal de Linha Marinheira sentido a Sede Rua 20 de Março — Rua Balduino Blatt — Ginásio Municipal. Ponto de Encontro: Capela de Linha Marinheira"" [ref_id:8][ref_id:10]","alta",""
"Capão Bonito do Sul","vermelho","semáforo (verde/vermelho)","N/A","5.1 Reunir as pessoas atingidas pelo evento climático em um abrigo. (seções 4 e 5 descrevem áreas de risco e ações, mas não indicam ruas nomeadas ou trajeto até ponto de encontro)","alta",""
"Capão do Cipó","vermelho","semáforo (verde/vermelho)","N/A","LISTA DE ABRIGOS Identificação: Ginásio Escola Municipal Júlio Biasi Endereço: Rua Rufino Garcia dos Santos s/n","alta",""
"Capão do Leão","vermelho","semáforo (verde/vermelho)","N/A","Não há descrição de trajeto de evacuação com ruas/vias nomeadas; o documento apresenta recursos, contatos, setores de risco e mapas anexos, mas não descreve rotas específicas do tipo ""pela Rua X até o ponto de encontro Y"".","alta",""
"Carazinho","vermelho","semáforo (verde/vermelho)","N/A","""Estabelecimento de rotas de fuga e abrigos temporários""; lista de abrigos temporários com endereços (ex.: ""Ginásio da Acapesu — Endereço: Boa Vista, Carazinho - RS"")","alta",""
"Carlos Gomes","vermelho","semáforo (verde/vermelho)","N/A","Não há trechos que descrevam um trajeto de evacuação com ruas nomeadas; o documento lista ações genéricas (ex.: ""Realizar a remoção de pessoas das áreas de risco"", ""Garantir o restabelecimento das vias de acesso"") e abrigo com endereço (ex.: ""Ginásio Municipal ... Av. Padre Estevão Vonsoski, 383""), mas não indica rota definida entre área de risco e ponto de encontro.","alta",""
"Casca","vermelho","semáforo (verde/vermelho)","N/A","""a evacuação das áreas afetadas sempre pela principais ruas e avenidas a serem definidas de acordo com a magnitude do evento adverso""","alta",""
"Caseiros","vermelho","semáforo (verde/vermelho)","N/A","O documento lista abrigos com endereços (ex.: ""Centro Esportivo Municipal - Avenida Mário Cirino Rodrigues, 355""; ""Escola João Rodrigues de Souza - Rua José Francisco Mendes, 312""), e descreve ações genéricas como ""pelas vias principais"" ou atividades de resposta, sem indicar trajetos de evacuação específicos ou ruas nomeadas ligando áreas de risco a pontos de encontro.","alta",""
"Centenário","vermelho","semáforo (verde/vermelho)","N/A","5.3 Evacuação; assistência às vítimas com cadastramento via Secretaria Municipal da Assistência Social e alojamento em abrigos e casas de parentes.","alta",""
"Cerrito","verde","semáforo (verde/vermelho)","A listagem indica vias nomeadas em áreas de risco ligadas à área atingida (ex.: ATERRO DA PONTE (PONTE ATÉ O TRILHO DO TREM) — RUA JOSÉ VAZ DE SOUZA (BAIRRO SÃO MIGUEL), RUA MIGUEL IRIGON (BAIRRO SÃO MIGUEL), RUA ALCIDES NUNES (BAIRRO SÃO MIGUEL), RUA IRAI SOARES (BAIRRO SÃO MIGUEL), RUA FRANQUILIN SOARES (BAIRRO SÃO MIGUEL), AV BENTO GONÇALVES, ALMIRANTE AMEDA PORTOS, PRAÇA LUIS SIQUEIRA, LARGO CANGUÇU, AVENIDA FLORES DA CUNHA (entre nº 240 a 330), BAIRRO OASIS OLARIAS (rua direção ao Passo Novo)","""ATERRO DA PONTE (PONTE ATÉ O TRILHO DO TREM)\n\nRUA JOSÉ VAZ DE SOUZA (BAIRRO SÃO MIGUEL)\n\nRUA MIGUEL IRIGON (BAIRRO SÃO MIGUEL)\n\nRUA ALCIDES NUNES (BAIRRO SÃO MIGUEL)\n\nRUA IRAI SOARES (BAIRRO SÃO MIGUEL)\n\nRUA FRANQUILIN SOARES (BAIRRO SÃO MIGUEL)\n\nAV BENTO GONÇALVES\n\nALMIRANTE AMEDA PORTOS\n\nPRAÇA LUIS SIQUEIRA\n\nLARGO CANGUÇU\n\nAVENIDA FLORES DA CUNHA ENTRE OS Nº 240 A 330\n\nBAIRRO OASIS OLARIAS (RUA DIREÇÃO AO PASSO NOVO)""","alta",""
"Cerro Branco","vermelho","semáforo (verde/vermelho)","N/A","Não há trechos que descrevam um trajeto de evacuação com vias nomeadas; o documento traz seção ""Lista De Abrigos"" com endereço de abrigo (RUA OSCAR LAMB - CENTRO) e referências genéricas a monitoramento e ações, sem indicação de rota definida entre área de risco e ponto de encontro.","alta",""
"Cerro Grande do Sul","vermelho","semáforo (verde/vermelho)","N/A","As áreas de evacuação serão planejadas de acordo com a magnitude e evolução do evento, e sempre que houver a necessidade de evacuação de urgência, devendo ser estabelecidas as rotas de acordo com o evento.","alta",""
"Charqueadas","verde","semáforo (verde/vermelho)","Descrição do Anexo II e mapas indicam setores e ruas específicas como áreas de risco e trajetos de evacuação — ex.: ""Setor RS_CH_SR_010_Bairro São Miguel - Rua Limeira""; ""Setor RS_CH_SR_02_Bairro Beira Rio - Rua Ricardo Louzada""; e indicação de ligações entre setores e pontos de encontro/abrigo conforme mapas (rotas/linhas no mapa anexado).","Descrição das áreas de muito alto risco: 3 - Setor RS_CH_SR_010_Bairro São Miguel - Rua Limeira[ref_id:24] / Descrição das áreas de alto risco: 1 - Setor RS_CH_SR_02_Bairro Beira Rio - Rua Ricardo Louzada[ref_id:24] / Imagens de mapa com setores e caminhos (Anexo II – Áreas de Risco) mostrando rotas/linhas ligando áreas de risco a pontos seguros[ref_id:25][ref_id:24]","media",""
"Charrua","vermelho","semáforo (verde/vermelho)","N/A","CLASSIFICAÇÃO DO RISCO - 1 Tipo de Risco: Enxurradas Histórico da recorrência: Eventuais, Rua Luiz Caus.","media",""
"Chuvisca","vermelho","semáforo (verde/vermelho)","N/A","LISTA DOS ABRIGOS ... Endereço: av 28 de dezembro, s/n Centro ... EMEF Santa Luzia Endereço: Picada Grande, RS KM 30 ... EMEF Arlindo Bonifácio Pires Endereço: Costa do Sutil, S/N Interior","alta",""
"Chuí","vermelho","semáforo (verde/vermelho)","N/A","Lista De Abrigos ... Abrigo I Identificação: CENTRO COMUNITARIO Endereço: AIRTON SENA N° 300","alta",""
"Ciríaco","vermelho","semáforo (verde/vermelho)","N/A","Não há descrição de trajeto de evacuação com ruas nomeadas; o documento apresenta ações gerais, contatos, locais de doações e procedimentos de alerta, sem indicar rota específica (ex.: ""Ações a serem desenvolvidas: ...""; listas de pontos sensíveis e abrigos sem rotas).","alta",""
"Colinas","vermelho","semáforo (verde/vermelho)","N/A","a evacuação... pelas principais ruas e avenidas a serem definidas de acordo com a magnitude do evento adverso","alta",""
"Colorado","vermelho","semáforo (verde/vermelho)","N/A","Fuga (evacuação) — Acionamento da equipe responsável por guiar a população para o ponto de encontro. Ponto de Encontro: para os desabrigados/desalojados abrigo 01 (Ginásio do Centro Social e Esportivo); Lista de abrigos com endereços (ex.: Abrigo 01: Avenida Boa Esperança, n. 692 - Centro; Abrigo 03: Rua do Estudante, n. 68, Vila Padre Osmari).","alta",""
"Coqueiro Baixo","vermelho","semáforo (verde/vermelho)","N/A","Evacuação; assistência às vítimas com cadastramento via Secretaria Municipal da Assistência Social e alojamento em abrigos e casas de parentes.","alta",""
"Coxilha","vermelho","semáforo (verde/vermelho)","N/A","O documento apresenta uma ""LISTA DE ABRIGOS"" com endereços (ex.: ""Avenida Ilso José Webber"", ""Avenida Fioravante Franciosi"") e descreve procedimentos gerais de evacuação/ativação do plano (ex.: ""O COMPDEC ativará o plano de chamada, o posto de comando e a compilação das informações""; ""Atuar na busca, salvamento e evacuação das pessoas atingidas pelo desastre""), mas não cita trajetos específicos com ruas nomeadas ligando áreas de risco a pontos de encontro nem mapas de rotas definidos.","alta",""
"Cristal","vermelho","semáforo (verde/vermelho)","N/A","Na prática do Plano de Contingência, ao identificar os riscos de alagamentos e as cheias do Rio Camaquã, deve ser feita a retirada das famílias que estão expostas ao risco, bem como realoca-las em um dos abrigos cadastradas no Plano de Contingência.","alta",""
"Cruz Alta","vermelho","semáforo (verde/vermelho)","N/A","13. LISTA DE ABRIGOS ... Identificação: Ginásio Municipal Endereço: Rua General Osório 963","alta",""
"Cruzeiro do Sul","verde","semáforo (verde/vermelho)","Exemplos de trajetos/ruas nomeadas ligadas a cotas/ordem de retirada: ""COTA 24: rua Arno Cíceri, fim (empresa das gramas) até o número 344""; ""COTA 25: rua Arno Cíceri, esquinas com a rua Jorge Cíceri e com a rua Lauro Antonio Zwirtes""; lista de logradouros por cotas incluindo ruas como Rua Visconde do Rio Branco (início, esquina com Dom Pedro II), rua João Schardong, rua das Águas, rua das Pedras, rua Eugênio Floriano Sehn (a partir do nº 158), rua Frederico Germano Haenssgen, rua Oscar de Castro, rua Emílio Treter Sobrinho, rua Arthur Andres, rua Afonso Dullius, entre outras, indicando ordem de retirada correlacionada a cotas de inundação.","""Tabela orientativa para ordem de retirada das famílias\nPREVISÃO Logradouro BAIRRO\nCOTA 24 rua Arno Cíceri, fim (empresa das gramas) até o número 344 Zwirtes""; ""COTA 25\nrua Arno Cíceri, esquinas com a rua Jorge Cíceri e com a rua Lauro Antonio Zwirtes""; ""COTA 26\nrua Arno Cíceri Zwirtes\nrua Emílio Treter Sobrinho, nº 1559 até a ponte Glucostark\nrua São José, início (Lebes) Centro\nRua Arthur Eckert Glucostark\nrua Lauro Antônio Zwirtes Zwirtes\nrua Otávio Francisco da Silva Zwirtes\nrua Oscar de Castro Glucostark""","alta",""
"David Canabarro","vermelho","semáforo (verde/vermelho)","N/A","Documentos descrevem ações gerais de remoção de pessoas de áreas de risco, isolamento de perímetro, listas de contatos, cenários de risco e endereços de abrigos/contatos, mas não citam trajeto(s) de evacuação específicos com ruas nomeadas ou mapa de rotas (ex.: ""pela Rua X até..."")","alta",""
"Dilermando de Aguiar","vermelho","semáforo (verde/vermelho)","N/A","Retirar e encaminhar as pessoas para abrigos; Elaborar planejamento e modificações, tais como rotas, sinalização, etc. em locais vulneráveis ou em evolução; Lista de Abrigos SEDE (endereços de abrigos como Ginásio Escola Estadual Rocha Vieira - 15 de Novembro s/n; CAP Centro de Apoio Pedagógico - Rua Mauricio Picantet).","alta",""
"Dois Irmãos","vermelho","semáforo (verde/vermelho)","N/A","""11 — 'ROTAS DE FUGA': ... não há necessidade de pré‑definir rotas oficiais de evacuação para eventos de inundação"" e ""evacuações ... são definidas operacionalmente no momento da ocorrência""","alta",""
"Dois Lajeados","vermelho","semáforo (verde/vermelho)","N/A","Lista de Abrigos: Abrigo 01 Identificação: Ginásio Municipal ... Endereço: Rua Dr° Carlos Erani Coelho leal, Centro, Dois Lajeados, N°80","alta",""
"Dom Feliciano","vermelho","semáforo (verde/vermelho)","N/A","Documento lista ""Áreas de Risco do Município"" com locais (Bairro São Francisco; Faxinal; Ponte do Sutil / Cavadeira) e coordenadas, e em outra parte contém seção ""Que ações devem ser desenvolvidas"" com ações genéricas (ex.: ""Mapeamento para prevenção nas áreas recorrentes"", ""Socorro, com os meios disponíveis às vítimas dos sinistros""), sem descrição de trajeto de evacuação por ruas nomeadas ou mapa de rotas específico","alta",""
"Dona Francisca","vermelho","semáforo (verde/vermelho)","N/A","As ações indicam apenas encaminhar pessoas para familiares e abrigos e lista de abrigos com endereços (ex.: ""Encaminhar pessoas para familiares e abrigos""; Abrigo I: ""RUA GUILHERME BARCHET, 151 – BAIRRO COHAB""), sem descrição de trajeto nomeado ligando áreas de risco a ponto de encontro/abrigo nem mapa de rotas definido","alta",""
"Doutor Ricardo","vermelho","semáforo (verde/vermelho)","N/A","As áreas de risco e localidades são listadas (ex.: ""Diversos pontos no interior do Município, na Linha Leopolda, Linha Rio Verde, Linha Rio Branco, Linha São Paulo, Linha Gruta, Linha Guilhermina, Linha Bonita Baixa."") e há lista de abrigos com endereços (ex.: ""Centro de Referência da Assistência Social - CRAS. Rua Clemente Schussler, nº - 28 Centro.""), mas não há descrição de trajeto de evacuação com ruas/vias nomeadas ligando área de risco a ponto de encontro","alta",""
"Eldorado do Sul","verde","semáforo (verde/vermelho)","Para evacuação da localidade de Passo dos Pires, a evacuação deverá ocorrer pela Estrada do Açude; Para evacuação da Localidade do Rincão, a Avenida Ângelo Colovini é a rota direta até a BR-290; Para evacuação da Localidade do Poncho Verde, a Avenida das Samambaias é a rota direta até a BR-290; Para evacuação do Parque das Acácias, priorizar evacuação pela Rua Luz da Criança e pela Estrada do Açude.","“Para evacuação da localidade de Passo dos Pires, a evacuação deverá ocorrer pela Estrada do Açude.” “Para evacuação da Localidade do Rincão, a Avenida Ângelo Colovini é a rota direta até a BR-290.” “Para evacuação da Localidade do Poncho Verde, a Avenida das Samambaias é a rota direta até a BR-290.” “Para evacuação do parque das Acácias, deve-se priorizar a evacuação pela Rua Luz da Criança, e pela Estr. do Açude”","alta",""
"Encantado","verde","semáforo (verde/vermelho)","Porto Quinze — Da Rua Aurélio Hélio Moesch e Tv. Da lagoa – Para Rua Tiradentes; Barra do Jacaré — Rua Taquari até Novo Loteamento Kuffel – B. Planalto","ROTA DE FUGA Nome Tipo de acesso Origem e destino Tempo estimado / distância Cota / referência de inutilização Observações Porto Quinze Rua pavimentada Da Rua Aurélio Hélio Moesch e Tv. Da lagoa – Para Rua Tiradentes 5 minutos/ 1km 18m Barra do Jacaré Rua pavimentada Rua Taquari até Novo Loteamento Kuffel – B. Planalto 10 minutos/ 2km 16 a 18m","alta",""
"Encruzilhada do Sul","vermelho","semáforo (verde/vermelho)","N/A","Lista de Abrigos e áreas de risco são descritas (ex.: ""Abrigo I Identificação: GINÁSIO MESQUITÃO Endereço: AVENIDA RIO BRANCO"") e áreas de risco listadas (ex.: ""VILA DA FONTE INUNDAÇÃO/VENDAVAL""), sem indicação de trajeto de evacuação por ruas nomeadas ou mapa de rotas definido.","alta",""
"Erebango","vermelho","semáforo (verde/vermelho)","N/A","Não há descrição de trajetos de evacuação com ruas nomeadas; constam apenas procedimentos gerais, ações a serem desenvolvidas, e lista de abrigos com endereços (ex.: ""Lista de Abrigos ... Ginásio da Escola Municipal ... Endereço: Rua Henrique Borgmann, Bairro Esperança – Erebango."") [ref_id:11][ref_id:9]","alta",""
"Erechim","vermelho","semáforo (verde/vermelho)","N/A","LISTA DE ABRIGOS ... Identificação: Ginásio Municipal Bela Vista Endereço: Rua Benjamin Mosena, 181 – Bela Vista ... MAPA DO MUNICÍPIO DE ERECHIM; Elaborar planejamento e modificações, tais como rotas, sinalização, etc. em locais vulneráveis ou em evolução.","alta",""
"Ernestina","vermelho","semáforo (verde/vermelho)","N/A","Lista De Abrigos com endereços (ex.: Ginásio Municipal Sérgio Dias - Manivela, Rua Professor Adão Oscar Wiebelling; Salão da Paróquia Católica São José, Rua Alfredo Eitelwein) e menção genérica à evacuação/assistência às vítimas sem indicação de trajeto por ruas nomeadas até ponto de encontro (ex.: ""Evacuação; assistência às vítimas com cadastramento via Secretaria Municipal da Assistência Social e alojamento em abrigos e casas de parentes."")","alta",""
"Espumoso","vermelho","semáforo (verde/vermelho)","N/A","Seção 4 (Áreas de Risco do Município): tabela listando bairros (Bairro Paraíso, Bairro São Jorge, Bairro Franciosi, Bairro União, Bairro Maravalha, Bairro Santa Julia, Bairro Centro) com risco ""Alagamentos""; não há descrição de trajetos/ruas nomeadas ligando áreas de risco a ponto de encontro nem mapa de rotas no documento recuperado.","alta",""
"Estação","vermelho","semáforo (verde/vermelho)","N/A","Não há descrição de trajeto de evacuação com ruas/vias nomeadas ligando área de risco a ponto de encontro; o documento contém apenas seção de 'Evacuação' sem detalhar ruas e lista de abrigos com endereços (ex.: 'ABRIGO I Ginásio Municipal Rua Fiorello Piazzetta – 95')","alta",""
"Esteio","vermelho","semáforo (verde/vermelho)","N/A","""As áreas de evacuação serão planejadas de acordo com a magnitude e evolução do evento, e sempre que houver a necessidade de evacuação de urgência, devendo ser estabelecidas as rotas de acordo com o evento."" [ref_id:0]","alta",""
"Estrela Velha","vermelho","semáforo (verde/vermelho)","N/A","Lista de abrigos: ""Parque de Eventos Municipal Oscar Leite de Morais"" com endereço RSC 481, KM 77, nº 2707; seção 4 ""Áreas de Risco do Município"" lista locais/rios e riscos (inundação, enxurrada) sem indicação de trajeto ou ruas nomeadas; instruções gerais em 5.x sobre ações (abrigo, limpeza, distribuição) sem ruas/rotas especificadas.","alta",""
"Estrela","verde","semáforo (verde/vermelho)","Bairro Auxiliadora: Ruas Geraldo Pereira, João Alberto Rohenckohl, São Cristóvão, Mena Barreto, Josefina Diel; Bairro Alto da Bronze: Ruas Antonio Horn, Albino Francisco Horn, Carlos Matte, São Francisco; Linha Arroio do Ouro (cota 23,10) e RS 129 para Comunidade Linha Figueira (cota 24,80).","BAIRRO AUXILIADORA: Ruas Geraldo Pereira (cota 25,30), João Alberto Rohenckohl (cota 23,30), São Cristóvão (cota 24,40) Mena Barreto (cota 26,30), Josefina Diel (cota 26,30) [ref_id:7][ref_id:15]","media",""
"Estância Velha","vermelho","semáforo (verde/vermelho)","N/A","A seção de EVACUAÇÃO menciona 'mobilizar essa população para os pontos de apoio' e 'áreas de evacuação', 'Rotas de fuga' e lista de abrigos com endereços, mas não descreve trajetos específicos com ruas nomeadas ligando áreas de risco a pontos de encontro; há referências genéricas como 'pelas vias principais' e lista de locais de risco por ruas, sem indicar rotas de evacuação definidas (ex.: 'Organização da Área Afetada... - Rotas de fuga; - Pontos de encontro;' e lista de abrigos).","alta",""
"Faxinal do Soturno","vermelho","semáforo (verde/vermelho)","N/A","N/A","alta",""
"Fazenda Vilanova","vermelho","semáforo (verde/vermelho)","N/A","7. Lista de Abrigos ... Abrigo 1 Identificação Endereço Responsável Telefone Área (m2) Cozinha Banheiros","alta",""
"Feliz","vermelho","semáforo (verde/vermelho)","N/A","O documento lista ""Áreas de Risco do Município"" com pontos de enchente e deslizamento (P1–P5) incluindo localidades e coordenadas, e seção de ações cita ""Retirada de pessoal da área de risco – salvamento de pessoas"" e ""Abrigos (shelters)"", mas não descreve trajetos específicos com ruas nomeadas ligando áreas de risco a pontos de encontro ou mapas de rotas definidos.","alta",""
"Floriano Peixoto","vermelho","semáforo (verde/vermelho)","N/A","Não há indicação de trajeto de evacuação com vias nomeadas; o documento lista abrigos com endereços (ex.: ""EEMF Floriano Peixoto ... Endereço: Rua Antonio Pauletti 1109"") e ações gerais como ""Realizar a remoção de pessoas das áreas de risco"" sem descrever ruas ou trajeto até ponto seguro","alta",""
"Fontoura Xavier","vermelho","semáforo (verde/vermelho)","N/A","""Estabelecer os roteiros alternativos de deslocamento das equipes, do Plano de Contingência;"" [ref_id:5] / Lista de abrigos com endereços (ex.: ""Ginásio Poliesportivo Tio Onofre Av. 09 de julho – centro – Fontoua Xavier /RS"") [ref_id:0][ref_id:8]","alta",""
"Formigueiro","vermelho","semáforo (verde/vermelho)","N/A","Áreas de Risco do Município: lista de localidades com riscos (Fundo do Formigueiro, Passo do Maia, Passo dos Brum, Colônia Antão Farias, Invernadinha, Granja do Sossego, Pitangueira, Rincão do Jacob) e observação sobre margens dos rios; ativação do plano e local de posto de comando (residência do Prefeito na Rua Tancredo Cardoso, 59 ou prefeitura) — não há descrição de trajeto de evacuação com ruas nomeadas até ponto de encontro seguro.","alta",""
"Forquetinha","vermelho","semáforo (verde/vermelho)","N/A","Não há descrição de trajeto de evacuação específico com ruas nomeadas ligando área de risco a ponto de encontro; o documento lista áreas de risco, pontos de encontro da equipe (ex.: ""ponto de encontro ... Centro Administrativo Municipal, situado na Rua Johann Kremer, 1316, Centro, Forquetinha"") e abrigos com endereços, mas não descreve rotas de evacuação explicitamente (ex.: ""Rua Franz Richter Alagamento ... até a esquina da Escola de Ensino Fundamental João Batista de Mellho"")","alta",""
"Fortaleza dos Valos","vermelho","semáforo (verde/vermelho)","N/A","5.2 - Retirar as pessoas e encaminhar para abrigo seguro (lista de abrigos com endereços: ex. Ginásio Escola 18 de Abril — Endereço: Rua Rubin; CTG Estancia do Umbu — Endereço: Rua dos Lusos; Salão Paroquial São Pedro — Endereço: Rua Padre Pompeo).","alta",""
"Gaurama","vermelho","semáforo (verde/vermelho)","N/A","Evacuação; assistência às vítimas com cadastramento via Secretaria Municipal da Assistência Social e alojamento em abrigos e casas de parentes.","alta",""
"Gentil","vermelho","semáforo (verde/vermelho)","N/A","LISTA DE ABRIGOS ... Endereço: Avenida 20 de Março, S/N - Centro; Ginásio Municipal Endereço: Avenida Primavera, S/N - Centro; não há descrição de trajeto de evacuação com ruas/vias nomeadas ligando área de risco a ponto de encontro nem mapa de rotas no documento recuperado.","alta",""
"Getúlio Vargas","vermelho","semáforo (verde/vermelho)","N/A","Não há indicação de trajetos de evacuação com ruas nomeadas; o documento lista apenas 'Áreas de Risco' e ações gerais como 'Alerta e alarme', 'Ações de socorro' e identificação de locais de risco (ex.: ""Xv de novembro Vendaval, granizo"", ""Monte claro Vendaval, granizo"", ""Interior Estiagem, enxurrada"", ""Centro Alagamento"").","alta",""
"Glorinha","vermelho","semáforo (verde/vermelho)","N/A","""iniciar, se for o caso, a preparação de abrigos e rotas de fuga.""","alta",""
"Gramado Xavier","vermelho","semáforo (verde/vermelho)","N/A","O documento traz apenas ações gerais de evacuação e lista de abrigos com endereços (ex.: ""5.3 – Evacuação; assistência às vítimas com cadastramento via Secretaria Municipal da Assistência Social e alojamento em abrigos e casas de parentes."")[ref_id:2] e ""Lista De Abrigos... Abrigo I... Endereço: Rua 25 de junho"" (abrigo não é rota)[ref_id:4]","alta",""
"Gravataí","vermelho","semáforo (verde/vermelho)","N/A","Caberá ao órgão de Proteção e Defesa Civil municipal a organização da cena, ativando preliminarmente as áreas para: · Posto de Comando; · Área de espera; · Áreas de evacuação; · Rotas de fuga; · Pontos de encontro; · Abrigos.","alta",""
"Guaíba","vermelho","semáforo (verde/vermelho)","N/A","""a evacuação das áreas afetadas sempre pelas principais ruas a serem definidas de acordo com a magnitude do evento adverso"" [ref_id:0]","alta",""
"Harmonia","vermelho","semáforo (verde/vermelho)","N/A","O documento lista procedimentos gerais, fases de alerta, ações de resposta e cadastro de abrigos/pontos (ex.: ""Pontos de Abastecimento de água"", ""Cadastro de Localização de Abrigos"", lista de prédios e coordenadas), mas não descreve um trajeto de evacuação específico com ruas nomeadas ligando área de risco a ponto de encontro (não há trechos como ""pela Rua X até o ponto de encontro na Escola Y"").","alta",""
"Herval","vermelho","semáforo (verde/vermelho)","N/A","Documento contém seção 'Rotas de Fuga' não encontrada; há lista de abrigos com endereços (Ginásio Municipal de Esportes - Rua José Maria D’Ávila; Estação Basílio - Basílio; Deus é Vida - São Vergílio) e seção 4 'Áreas de Risco' e ações (5.1–5.5) mas não descreve trajeto de evacuação por ruas nomeadas ligando área de risco a ponto de encontro.","alta",""
"Herveiras","vermelho","semáforo (verde/vermelho)","N/A","Não há descrição de trajetos de evacuação específicos com ruas/vias nomeadas ligando diretamente uma área de risco a um ponto de encontro; o documento lista instalações/abrigos com endereços (ex.: ""Estacionamento Prefeitura Municipal - Rua: Germano Wink – 525"") e menciona 'rotas de fuga' de forma genérica e 'plano de evacuação definido e ensaiado periodicamente' sem detalhar ruas ou mapas de trajetos específicos.","alta",""
"Ibarama","vermelho","semáforo (verde/vermelho)","N/A","Não há trechos que descrevam trajetos de evacuação com ruas/vias nomeadas ligando áreas de risco a pontos de encontro; o plano lista ""Áreas de Risco do Município"" e uma ""Lista de Abrigos"" com endereços, e indica ações como ""desobstrução de vias públicas"" e ""recepção e acolhimento de desabrigados"", mas não descreve rotas específicas nem mapas de rotas definidos com nomes de ruas","alta",""
"Ibiaçá","vermelho","semáforo (verde/vermelho)","N/A","O documento lista 'LISTA DE ABRIGOS' com endereços e capacidade e contém instruções genéricas sobre evacuação/organização (ex.: 'conduzir buscas, resgate e evacuação'; 'pelas vias principais' não aparece como trajeto nomeado), mas não descreve trajeto específico com ruas nomeadas ligando área de risco a ponto de encontro nem apresenta mapa de rotas definido.","alta",""
"Ibiraiaras","vermelho","semáforo (verde/vermelho)","N/A","A secção ""4. Áreas de Risco do Município"" apresenta uma tabela cujo conteúdo aparece vazia nesta página; não há descrições de trajeto nem ruas nomeadas nos trechos recuperados do plano.","alta",""
"Ibirapuitã","vermelho","semáforo (verde/vermelho)","N/A","Não há descrito no documento um trajeto de evacuação com ruas nomeadas; o plano lista abrigos com endereços (ex.: ""Ginásio Municipal de Esportes João Luiz Bortoncello — Endereço: Rua Bento Gonsalves 425"") e indica evacuação/abrigo de populações em risco de forma genérica (ex.: ""Evacuação e abrigo de populações em risco""), sem indicar ruas ou trajeto definido entre área de risco e ponto de encontro.","alta",""
"Ibirubá","vermelho","semáforo (verde/vermelho)","N/A","Não há descrição de trajeto com ruas nomeadas; o documento lista 'Áreas de Risco' por bairros e ações como 'Evacuação' sem indicar ruas ou percurso (ex.: bairros Floresta, Chácara, Bangu, Santa Helena) e contém lista de ações 5.1 Evacuação, etc.","alta",""
"Igrejinha","vermelho","semáforo (verde/vermelho)","N/A","""a evacuação das áreas afetadas sempre pelas principais ruas a serem definidas de acordo com a magnitude do evento adverso"" [ref_id:1]","alta",""
"Ilópolis","vermelho","semáforo (verde/vermelho)","N/A","Section 4 (Área de Risco do Município) lista locais com riscos (ex.: ""Rua Augusto Tomasini — Enxurradas — Obstrução e alagamento""; ""Toda extensão das estradas vicinais — Enxurradas — Obstrução de vias""), mas o documento não descreve um trajeto de evacuação com ruas nomeadas ligando a área de risco a um ponto de encontro/local seguro nem apresenta mapa de rotas definido.","alta",""
"Imigrante","vermelho","semáforo (verde/vermelho)","N/A","Lista de Abrigos: Abrigo 1 ... Endereço Rua Augusto Gärtner, - Centro; Abrigo 2 ... Av. Dr. Ito João Snel, 640 - Centro; (o documento apresenta lista de abrigos e áreas de risco, sem indicação de trajeto de evacuação com ruas nomeadas ligando a área de risco a ponto de encontro)","alta",""
"Ipiranga do Sul","vermelho","semáforo (verde/vermelho)","N/A","Não há no documento trajetos de evacuação com ruas/vias nomeadas ligando áreas de risco a ponto de encontro; o plano apresenta identificação de riscos, contatos, recursos e abrigos/recursos, mas não descreve rotas específicas nomeadas (ex.: somente listas de recursos, áreas de risco e acionamento do plano).","alta",""
"Itaara","vermelho","semáforo (verde/vermelho)","N/A","O documento inclui seção ""Lista De Abrigos"" com endereços de abrigos (ex.: ""Rua Marcelino de Almeida"") e seção de ""Áreas de Risco"" e ""Que ações devem ser desenvolvidas?"", mas não descreve trajetos de evacuação com ruas nomeadas ligando área de risco a ponto de encontro nem mapas de rotas específicos.","alta",""
"Itapuca","vermelho","semáforo (verde/vermelho)","N/A","Nenhuma menção a trajeto de evacuação com ruas nomeadas ou mapa de rotas foi encontrada; o documento contém caracterização de cenário, lista de eventos, contatos e procedimentos de acionamento do plano, sem indicação de ruas/itinerários específicos.","alta",""
"Ivorá","vermelho","semáforo (verde/vermelho)","N/A","Seção 5 indica ações como ""Retirar e encaminhar pessoas a casas de parentes e, se necessário, aos abrigos"" e Seção 7 lista abrigos com endereços (ex.: ""Ginásio Augusto Zanela, localizado na Rua Bento Gonçalves""; ""Salão Paroquial, na Rua São José"") — não há descrição de trajeto/ruas nomeadas ligando áreas de risco a ponto de encontro","alta",""
"Ivoti","vermelho","semáforo (verde/vermelho)","N/A","11.2 ROTAS DE FUGA 11.2.1 Identificação 11.2.2 Localização 11.2.3 Sinalização","alta",""
"Jacuizinho","vermelho","semáforo (verde/vermelho)","N/A","Documento lista '5.1 Evacuação da área de risco' e '5.2 Encaminhamento das famílias para um local seguro', sem citar ruas, trajetos ou pontos de encontro nomeados.","alta",""
"Jaguari","vermelho","semáforo (verde/vermelho)","N/A","Lista De Abrigos ... Endereço: RUA PREFEITO SILVIO MARCHIORI - GINASIÃO; 5.2 retirar e encaminhar pessoas a casas de parentes e se necessário aos abrigos; 5.4 obstruir passagens de vias se assim necessário","alta",""
"Jaguarão","verde","semáforo (verde/vermelho)","Listagem de ruas/vias com trechos direcionando para a orla do Rio Jaguarão (ex.: Rua Andrade Neves a partir do seu início até a Rua Fernandes Vieira; Rua Nelson Wortmann a partir da Rua Odilo Gonçalves descendo até a orla do Rio Jaguarão; Rua Fernandes Vieira a partir da Rua Andrade Neves descendo até a Orla do Rio Jaguarão; várias outras ruas listadas com ""a partir de... descendo até a orla do Rio Jaguarão""), indicando trajetos nomeados da área de risco até ponto seguro/orla.","“BAIRRO VENCATO: Rua Andrade Neves (a partir do seu início até a Rua Fernandes Vieira); Rua Nelson Wortmann (a partir da Rua Odilo Gonçalves, descendo até a orla do Rio Jaguarão)... CENTRO: Rua Fernandes Vieira (a partir da Rua Andrade Neves, descendo até a Orla do Rio Jaguarão); Rua Maurity (a partir da Rua Andrade Neves, descendo até a Orla do Rio Jaguarão); Rua Atahualpa Gonçalves Dias (a partir da Rua Silveira Martins, descendo até a orla do Rio Jaguarão); Rua João Pessoa – Praça Dario de Almeida Neves, (a partir da Rua Barão do Rio Branco, descendo até a orla do Rio Jaguarão);” [ref_id:0][ref_id:1]","alta",""
"Jari","vermelho","semáforo (verde/vermelho)","N/A","O documento lista ações gerais (ex.: ""Retirar e encaminhar pessoas para casas de parentes, e se necessário, aos abrigos comunitários"") e relaciona abrigos com endereços (ex.: ""ABRIGO 01 ... Endereço: Rua Alfredo dos Santos, nº 253, Bairro Centro""), mas não descreve trajeto de evacuação específico com ruas nomeadas ligando área de risco a ponto de encontro nem apresenta mapa de rotas definido.","alta",""
"Júlio de Castilhos","vermelho","semáforo (verde/vermelho)","N/A","Documento lista ações como ""verificar e evacuar acessos/rotas"" e ""planejar rotas e sinalização para locais vulneráveis"", e apresenta IDENTIFICAÇÃO DE ABRIGOS com endereços, mas não descreve trajetos específicos por ruas nomeadas nem mapa de rotas detalhado","alta",""
"Lagoa Bonita do Sul","vermelho","semáforo (verde/vermelho)","N/A","Não há descrição de trajeto de evacuação com ruas nomeadas; o documento lista ""Que ações devem ser desenvolvidas?"" e fornece ""Lista De Abrigos"" com endereço do GINASIO MUNICIPAL DE ESPORTES BONITÃO — AV. JOSE LUCHESE, além de ações gerais (ex.: retirar e encaminhar pessoas a abrigos, desobstrução de estradas) e referência a ""Áreas rurais"" e ""Perímetro urbano"" como áreas de risco, sem indicar ruas/vias específicas ou mapa de rotas.","alta",""
"Lagoa Vermelha","vermelho","semáforo (verde/vermelho)","N/A","ABRIGOS - 1 ... Endereço: Rua 14 de Julho","alta",""
"Lagoa dos Três Cantos","vermelho","semáforo (verde/vermelho)","N/A","Não há trechos que descrevam um trajeto de evacuação específico com ruas/vias nomeadas ligando área de risco a ponto de encontro; o documento traz listas de ""Ações a serem desenvolvidas"", mapas da área afetada e lista de abrigos (endereço) mas não rotas detalhadas (ex.: páginas com ""Ações a serem desenvolvidas"" e seção ""Abrigos"") [ref_id:2][ref_id:8][ref_id:10]","alta",""
"Lagoão","vermelho","semáforo (verde/vermelho)","N/A","Lista De Abrigos ... Abrigo I Identificação: GINASIO DE ESPORTES HILDEMAR BORGES Endereço: RUA GABRIEL NUNES","alta",""
"Lajeado","verde","semáforo (verde/vermelho)","Anexo 11: Mapas Rotas de Fuga e Cotas de inundação (mapas com rotas de fuga são incluídos no anexo)","Anexo 11: Mapas Rotas de Fuga e Cotas de inundação 40","media",""
"Lindolfo Collor","vermelho","semáforo (verde/vermelho)","N/A","Seção '2.1.2 Rota de fuga' presente no sumário, mas o conteúdo do plano apresenta apenas descrições gerais do cenário e procedimentos (ex.: 'Remover moradores em situação de emergencia'), sem indicação de trajeto específico com ruas/vias nomeadas ligando áreas de risco a ponto de encontro seguro.","alta",""
"Linha Nova","vermelho","semáforo (verde/vermelho)","N/A","Mapear rotas de fuga e pontos de abrigo","alta",""
"Machadinho","vermelho","semáforo (verde/vermelho)","N/A","Não há descrição de trajeto de evacuação com ruas/vias nomeadas ligando a área de risco a um ponto de encontro; o documento traz orientações genéricas, lista de recursos e locais (ex.: locais de doações, estoques, coordenadas de veículos) e referências a alertas sonoros e ZAS, sem indicar ruas nomeadas ou mapa de rotas específico.","alta",""
"Maratá","vermelho","semáforo (verde/vermelho)","N/A","Não há descrição de trajeto de evacuação com ruas/vias nomeadas ligando áreas de risco a ponto de encontro; o documento lista abrigos com endereços e indicações genéricas de ações/monitoramento (ex.: ""Lista De Abrigos"" e seções de monitoramento e ações) e áreas de risco sem rotas nominais.","alta",""
"Marau","vermelho","semáforo (verde/vermelho)","N/A","LOCAIS PARA ABRIGO: ... Endereço: Rua Rui Barbosa nr 01; ... LOCAIS PARA ABRIGO: ... listagem de comunidades e contatos; NÃO há indicação de trajeto de evacuação com ruas nomeadas ligando área de risco a ponto de encontro nem mapa de rotas no documento recuperado.","alta",""
"Marcelino Ramos","verde","semáforo (verde/vermelho)","Mapa e figura do plano mostram rotas de fuga nomeadas e ponto(s) de encontro: 'Rota de Fuga, Ponto de Encontro e Sistema de Alerta ZAS UHMA EM MARCELINO RAMOS' com linhas vermelhas indicadas como 'Rota de fuga e sentido de circulação sugerido' ligando áreas ribeirinhas a pontos de encontro (marcados por pinos verdes) na comunidade Linha Volta Grande e margens do rio; texto afirma que 'o município de Marcelino Ramos... está contemplado por duas rotas de fuga, um ponto de encontro e um sistema sonoro'","""ROTA DE FUGA, PONTO DE ENCONTRO E SISTEMA DE ALERTA ZAS UHMA EM MARCELINO RAMOS"" (mapa com linhas vermelhas e pinos verdes) [ref_id:0][ref_id:3] ""o município de Marcelino Ramos está contemplado por duas rotas de fuga, um ponto de encontro e um sistema sonoro"" [ref_id:1]","alta",""
"Mariana Pimentel","vermelho","semáforo (verde/vermelho)","N/A","‘Estabelecer rotas alternativas para deslocamentos das equipes, do Plano de Contingência;’ [ref_id:0] e ‘Estabelecer rotas de evacuação’ [ref_id:0] e descrições de desvios/vias secundárias genéricas (ex.: ‘usar um desvio por via secundária, a fim de alcançar a BR-116, conforme ilustrado na Figura 5’) [ref_id:1]","alta",""
"Marques de Souza","verde","semáforo (verde/vermelho)","Exemplos de trajetos nomeados: ""Rua Erno Otto Scherer em direção à capela/mortuário e EMEI Pequenos Passos""; ""Rua Getúlio Vargas ao lado da EMEI Brilho de Infância""; ""Rua 10 de Novembro""; outras opções numeradas (01–09) com ruas e direções especificadas na seção 'Rotas de Fuga dos Atingidos'.","""Below: 'Rotas de Fuga dos Atingidos' — numbered escape-route options (01–09) giving suggested streets and directions for evacuation (examples: Rua Erno Otto Scherer toward the chapel/mortuary and EMEI Pequenos Passos; Rua Getúlio Vargas beside EMEI Brilho de Infância; Rua 10 de Novembro)"" [ref_id:0]","alta",""
"Mata","vermelho","semáforo (verde/vermelho)","N/A","Lista De Abrigos ... Abrigo I Identificação: Ginásio Poliesportivo Endereço: Rua nossa Senhora das Graças ... Abrigo II Identificação: Salão Paroquial Endereço: Rua da Matriz ... Abrigo III Identificação: Escola Florismundo Eggres da Silva Endereço: Rua Presidente Vargas ...","alta",""
"Mato Castelhano","vermelho","semáforo (verde/vermelho)","N/A","""LISTA DE ABRIGOS... Identificação: Ginásio Poliesportivo Municipal Antonio Raul Giraldi... Identificação: Salão comunitário da Capela São Roque."" [ref_id:15]","alta",""
"Mato Leitão","vermelho","semáforo (verde/vermelho)","N/A","Evacuação : assistência as vitimas via Secretaria de Assistência Social , alojamento em abrigos e casa de parentes caso necessário","alta",""
"Maximiliano de Almeida","vermelho","semáforo (verde/vermelho)","N/A","o documento menciona que foram realizados ""testes e treinamentos a população para rotas de fuga no ano de 2024"" e descreve abrigos com endereços, mas não apresenta trajetos de evacuação com ruas/vias nomeadas ligando áreas de risco a ponto de encontro nem mapa de rotas específico","alta",""
"Minas do Leão","vermelho","semáforo (verde/vermelho)","N/A","O documento lista 'Áreas de Risco' e 'Lista De Abrigos' com endereços (ex.: 'Endereço: Érico Valença, centro, 65') e indica ações genéricas como 'Retirada das famílias atingidas' e 'Abrigamento em locais públicos (ginásio, escolas e espaços sociais)'. Não há descrição de trajeto específico com ruas nomeadas ligando área de risco a ponto de encontro nem mapa de rotas.","alta",""
"Montenegro","vermelho","semáforo (verde/vermelho)","N/A","a evacuação das áreas afetadas sempre pelas principais ruas a serem definidas de acordo com a magnitude do evento adverso","alta",""
"Mormaço","vermelho","semáforo (verde/vermelho)","N/A","2.1.2 Rota de fuga (título presente), sem descrição de ruas nomeadas; trechos do documento indicam itens como 'Rota de fuga' e 'Imagens' mas não há texto com trajeto específico identificado nas páginas recuperadas.","alta",""
"Morro Redondo","vermelho","semáforo (verde/vermelho)","N/A","Não há descrição de trajetos de evacuação com ruas nomeadas conectando área de risco a ponto de encontro; o documento apresenta apenas 'Áreas de Risco', 'Fases do Socorro', e lista de abrigos com endereços (ex.: 'Abrigo I ... Rua das Azaleias nº 25') sem indicar rota de evacuação específica","alta",""
"Morro Reuter","vermelho","semáforo (verde/vermelho)","N/A","LISTA DE ABRIGO Identificação: Ginásio Municipal de Esportes Endereco: Travessa 1º de Maio","alta",""
"Muliterno","vermelho","semáforo (verde/vermelho)","N/A","O documento lista abrigo e recursos e descreve procedimentos gerais; não apresenta trajetos de evacuação com ruas/vias nomeadas ligando área de risco a ponto de encontro.","alta",""
"Nicolau Vergueiro","vermelho","semáforo (verde/vermelho)","N/A","Não há descrição de trajeto de evacuação com ruas nomeadas; o documento contém mapa municipal, contatos, locais de doação/abrigo com endereços e seção de acionamento do plano, sem indicar ruas específicas para rotas de fuga ou mapa de rotas definido.","alta",""
"Nova Alvorada","vermelho","semáforo (verde/vermelho)","N/A","ABRIGOS - 1 Tipo: GINASIO Nome: Ginásio Municipal de Esportes Responsável: Edilson Romanini Endereço: Av. Frei Manoel, 1718, centro","alta",""
"Nova Bréscia","vermelho","semáforo (verde/vermelho)","N/A","As seções do documento listam 'ÁREA DE ESPERA: Ginásio Municipal de Esportes, Rua Osório, 295, Bairro Centro' e 'ACAMPAMENTO: Clube Tiradentes, Avenida Bento Gonçalves, 1340' além de 'LISTA DE ABRIGOS' com endereços, mas não descrevem trajeto de evacuação específico por ruas nomeadas ligando área de risco a ponto de encontro; há menção genérica a 'Retirada das famílias' e 'principais ações' sem indicação de ruas a serem seguidas","alta",""
"Nova Esperança do Sul","vermelho","semáforo (verde/vermelho)","N/A","Página 'Lista De Abrigos' mostra identificação e endereços de abrigos (ex.: 'Ginásio Municipal — Rua Voluntários da Pátria, Centro, Nova Esperança do Sul/RS') mas não descreve trajetos de evacuação com ruas nomeadas ligando área de risco a ponto de encontro.","alta",""
"Nova Hartz","vermelho","semáforo (verde/vermelho)","N/A","Não há descrição de trajeto de evacuação com ruas nomeadas; o documento apresenta ""LISTA DE ABRIGOS"" com endereços e instruções gerais como ""Treinamento com alunos e professores, nas redes de ensino, para uma possível evasão"" e ""Preparação dos abrigos."" [ref_id:3]","alta",""
"Nova Palma","vermelho","semáforo (verde/vermelho)","N/A","Não há no documento trechos que descrevam trajetos de evacuação com ruas/vias nomeadas ligando área de risco a ponto de encontro; existem apenas mapas do perímetro urbano, lista de abrigos com endereços e instruções genéricas de evacuação/isolamento a serem executadas (ex.: ""evacuar pessoas das áreas de risco"" e ""organizar abrigos provisórios""), sem indicar ruas/trechos específicos.","alta",""
"Nova Santa Rita","vermelho","semáforo (verde/vermelho)","N/A","Evacuação: ... será acionada pelo prefeito ou COMDEC coordenador e utilizará principais ruas/avenidas determinadas pela magnitude do evento, com rotas de saída e entrada para equipes de resgate.","alta",""
"Novo Cabrais","vermelho","semáforo (verde/vermelho)","N/A","Não há descrição de trajeto de evacuação específico com ruas nomeadas ligando área de risco a ponto de encontro; o documento traz lista de abrigos com endereços (ex.: ""Centro de Eventos - Avenida 28 de Dezembro"") e instruções genéricas como 'montar pontos de controle de trânsito' e 'pelas vias principais' não especificadas","alta",""
"Novo Hamburgo","vermelho","semáforo (verde/vermelho)","N/A","""Rotas de fuga: Será sempre realizada para pontos de abrigos e/ou casas de familiares que se localizem a uma distância longe da área do evento, sempre de forma ordenada, evitando altas velocidades."" [ref_id:0] ""As Áreas de Evacuação serão planejadas de acordo com a magnitude e evolução do evento, sempre que houver a necessidade de evacuação de urgência."" [ref_id:2]","alta",""
"Não-Me-Toque","vermelho","semáforo (verde/vermelho)","N/A","Não há descrição de trajetos de evacuação por ruas nomeadas; o documento lista abrigos com endereços (ex.: ""Endereço: Rua Luiz Fernando Roos, s/n"") e indica ""Realizar a remoção de pessoas das áreas de risco"" sem detalhar ruas/itinerários específicos.","alta",""
"Paim Filho","vermelho","semáforo (verde/vermelho)","N/A","LISTA DE ABRIGOS Identificação: Ginásio Municipal Endereço: Rua João Lacerda, S/N – Centro Elaborar planejamento e modificações, tais como rotas, sinalização, etc. em locais vulneráveis ou em evolução. MAPA DO MUNICÍPIO DE PAIM FILHO","alta",""
"Pantano Grande","vermelho","semáforo (verde/vermelho)","N/A","Não há menção a trajetos de evacuação com ruas nomeadas; o documento contém seções gerais (objetivos do plano, quem aciona, quando deve ser desencadeado) e informações municipais, sem descrever rotas específicas ou mapas de evacuação.","alta",""
"Paraíso do Sul","vermelho","semáforo (verde/vermelho)","N/A","Documento contém seção sobre Áreas de Risco listando ruas (ex.: ""RUA FRANCISCO FICK""; ""VILA NOVA"") e um anexo com mapas do município, além de uma ""Lista de Abrigos"" com endereço do Ginásio Poliesportivo (Rua G), mas não descreve trajetos de evacuação específicos ligando área de risco a ponto de encontro por ruas nomeadas nem mapas de rotas com instruções de percurso.","alta",""
"Pareci Novo","vermelho","semáforo (verde/vermelho)","N/A","Lista De Abrigos: Ginásio Municipal, Endereço: Rua Alonso Remi Dietrich, 30 - Centro (capacidade 700 pessoas). Não há trechos que descrevam trajeto de evacuação com ruas/vias nomeadas ligando área de risco a ponto de encontro; referências a remoção e isolamento são genéricas nas áreas de risco e ações (remoção de pessoas, isolamento de áreas, organizar abrigos) sem indicar ruas ou rotas específicas.","alta",""
"Parobé","vermelho","semáforo (verde/vermelho)","N/A","Áreas de Risco do Município: Local Risco Observações Bairro Paraiso, XV de Junho, Mariana, Solar Enchente Cheia Rio Paranhana Santa Cristina do Pinhal Enchente Cheia Rio dos Sinos Areia Branca Enchente Cheia Arroio Funil Bela Vista / Muck Risco Geotécnico Movimento de massa Alexandria, Vila Jardim Enchente Cheia Arroio Funil","alta",""
"Passa Sete","vermelho","semáforo (verde/vermelho)","N/A","A documentação do Plano de Contingência apresenta lista de áreas de risco, ações a serem desenvolvidas, resumo de recursos e contatos (ex.: ""Baixo Passa Sete, Costa do Rio, Lageado Sobradinho, Posse do Caçador"" e inventário de recursos), mas não descreve trajetos de evacuação com ruas nomeadas ligando áreas de risco a pontos de encontro nem mapa de rotas especificado.","alta",""
"Passo Fundo","vermelho","semáforo (verde/vermelho)","N/A","A evacuação será realizada para pontos de abrigos e/ou casas de familiares que se localizem a uma distância segura da área do evento, sempre de forma ordenada.","alta",""
"Passo do Sobrado","vermelho","semáforo (verde/vermelho)","N/A","Não há descrição de trajeto de evacuação com ruas nomeadas; o documento lista 'Áreas de Risco: Toda a área do município' e contém 'Lista De Abrigos' e instruções gerais de ações (ex.: '5.1 Acionamento do Plano de Contingência; 5.2 Verificar danos humanitários; 5.3 Verificar danos em estradas, rodovias, pontes; 5.4 Prestar assistência às vítimas').","alta",""
"Paverama","vermelho","semáforo (verde/vermelho)","N/A","5.3 - Evacuação; assistência às vítimas com cadastramento via Secretaria Municipal da Assistência Social e alojamento em abrigos e casas de parentes.[ref_id:3]","alta",""
"Pedras Altas","vermelho","semáforo (verde/vermelho)","N/A","Não há descrição de trajeto de evacuação com ruas/vias nomeadas ligando área de risco a ponto de encontro; o documento apresenta apenas locais de abrigos com endereços (ex.: ""Abrigo I Identificação: Gupa ginagio municipal Endereço: av viconde maua"") e instruções genéricas sobre evacuação/coordenação (ex.: ""identificará uma área de fácil acesso, nas proximidades da região afetada para implantar a Central de Emergência"")","alta",""
"Pedro Osório","vermelho","semáforo (verde/vermelho)","N/A","O documento lista ações como 'Remoção dos moradores em área de risco' e 'Organização dos abrigos', e identifica áreas de risco (ex.: 'Rio Piratini — Inundações'), mas não descreve trajetos nominais de evacuação ligando áreas de risco a pontos de encontro por ruas/vias nomeadas.","alta",""
"Pelotas","vermelho","semáforo (verde/vermelho)","N/A","documento lista responsabilidades, abrigos, contatos e mapas de áreas de risco, mas não descreve trajetos de evacuação com ruas nomeadas nem mapas de rotas detalhados (ex.: ""Fluxo de atendimento""; lista de setores de risco; lista de abrigos e responsabilidades)","alta",""
"Pinhal Grande","vermelho","semáforo (verde/vermelho)","N/A","A seção ""Lista De Abrigos"" fornece nomes e endereços de abrigos (ex.: ""Ginásio de Esportes Municipal — Av. Integração 25 99"") e o documento indica que o município ""Não possui áreas de risco""; não há descrição de trajetos de evacuação com ruas/vias nomeadas ligando áreas de risco a ponto de encontro nem mapa de rotas especificado no plano recuperado.","alta",""
"Pinheiro Machado","vermelho","semáforo (verde/vermelho)","N/A","Lista De Abrigos fornece endereços de abrigos (ex.: ""Ginásio Municipal - Endereço: Nico de Oliveira, s/n"") e seção 5 indica ações genéricas (ex.: ""5.3 Locomoção imediata ao local do sinistro"", ""5.5 Definição de ações específicas frente à realidade do fato"") — não há descrição de trajeto de evacuação com ruas nomeadas ligando área de risco a ponto de encontro.","alta",""
"Piratini","vermelho","semáforo (verde/vermelho)","N/A","Lista de abrigos com endereços (ex.: ""Ginásio Municipal de Esportes, Prolongamento Rua Osvaldo Aranha""; ""Escola Municipal Alaôr Tarouco, Endereço: Passo do Bêbado"") e menção genérica a ""Áreas de Risco do Município"" e ""principais riscos"" — sem descrever trajeto por ruas nomeadas ligando área de risco a ponto de encontro","alta",""
"Porto Alegre","vermelho","semáforo (verde/vermelho)","N/A","Remoção dos moradores para o ponto de encontro e abrigo; Definição de ponto de encontro e abrigagem; Implementar sistema de ALERTA, nas Áreas de Risco, ... permitindo a mobilização e a remoção dos moradores no caso de risco iminente; Orientação e remoção das pessoas afetadas e em situação de vulnerabilidade, para local seguro como ponto de encontro e abrigo","alta",""
"Portão","verde","semáforo (verde/vermelho)","Rota: Rua da Alegria e Rua das Taquareiras – Os moradores deverão se dirigir para a Rua Julio de Castilhos e posterior ao ponto de encontro no pátio da Escola Santo Antônio.","As rotas de fuga estabelecidas para o Bairro São Luis são: - Rota: Rua da Alegria e Rua das Taquareiras – Os moradores deverão se dirigir para a Rua Julio de Castilhos e posterior ao ponto de encontro no pátio da Escola Santo Antônio.","alta",""
"Pouso Novo","vermelho","semáforo (verde/vermelho)","N/A","""As vias urbanas e vacinais do município que poderão ser comprometidas pelos deslizamentos."" [ref_id:0] ""Quando acionado o plano de contingência... a comunidade e os líderes locais das equipes de primeira resposta devem iniciar as ações de evacuação e de auto salvamento."" [ref_id:0] ""Decretação de situação de emergência/ estado de calamidade pública."" [ref_id:7]","alta",""
"Poço das Antas","verde","semáforo (verde/vermelho)","Encontro da equipe de contingência na Prefeitura Municipal (Av. São Pedro nº 1213, Bairro Centro); transferência de desabrigados para o ginásio municipal de esportes (abrigo) — equipes deslocam‑se aos locais afetados após assembleia na Prefeitura","ponto de encontro da equipe de contingência na Prefeitura Municipal (Av. São Pedro nº 1213, Bairro Centro); após assembleia, as equipes deslocarão‑se aos locais afetados e verificarão a segurança; transferência das pessoas desalojadas para o ginásio municipal de esportes (abrigo)","media",""
"Presidente Lucena","vermelho","semáforo (verde/vermelho)","N/A","O documento lista ""Áreas de Risco do Município"" com locais (ex.: Parte baixa do Centro; Linha Nova Baixa; Nova Vila; Morro do Pedro; Picada Schneider) e descreve ações/abrigos (uso do Ginásio Municipal, disponibilização de veículos, uso de máquinas) mas não contém trajeto de evacuação nomeando ruas ou indicando um percurso até ponto de encontro específico.","alta",""
"Progresso","vermelho","semáforo (verde/vermelho)","N/A","Áreas de Risco do Município: tabela com locais e riscos (ex.: Sede Municipal, Localidade de Apetiri, Localidade de São Luiz) e tabela de vias/ponte(s) interditadas por localidade; não há indicação de trajeto de evacuação por ruas nomeadas ligando área de risco a ponto de encontro.","alta",""
"Putinga","vermelho","semáforo (verde/vermelho)","N/A","Seções do Plano de Contingência listam ""Áreas de Risco"" e eventos adversos e contêm dados cadastrais e objetivos, mas não apresentam trechos que descrevam trajeto de evacuação com ruas nomeadas ligando áreas de risco a ponto de encontro; não há mapa de rotas nem indicação de ruas específicas nas páginas recuperadas.","alta",""
"Quevedos","vermelho","semáforo (verde/vermelho)","N/A","5.3 Resposta: ... evacuação de pré-identificados áreas de risco","alta",""
"Quinze de Novembro","vermelho","semáforo (verde/vermelho)","N/A","Lista De Abrigos ... Endereço: Rua Duque de Caxias. Nº 476,Centro ... Endereço: Rua Carlos Gomes nº 404/Centro ... Abrigo III ... Endereço: Gonçalves Dias","alta",""
"Relvado","vermelho","semáforo (verde/vermelho)","N/A","Lista de Abrigos: Ginásio Municipal de Esportes — Endereço: Rua das Hortensias, 57. Não há descrição de trajetos de evacuação por ruas nomeadas conectando área de risco a ponto de encontro; menções são genéricas (ex.: 'desobstrução de vias', 'pelas vias principais' ou 'áreas a serem definidas').","alta",""
"Restinga Sêca","vermelho","semáforo (verde/vermelho)","N/A","Encosta da sanga da Restinga (Ruas Alexandre Paiva, Obaldo da Rosa, Rui Barbosa, Augusto Rossi, José Celestino Alves, Reinaldo Prade Getúlio Vargas, Henrique Herzer, Alexandre Pasqualini, Borges de Medeiros, Cel. Horácio Borges, Alfredo Rohde, Miguel de Patta (Travessa do Taguá), Afonso Germano Potter, Luis Vieira da Cunha, Teodoro Marquet, José Burmann, Otto Homrich, Domingos Possebon, Paulo Magoga, João Otto Friedrich, Virgílio Carvalho Bernardes, Oswaldo Aranha, Adão Mário de Oliveira Dornelles, Emílio Henrique Nagel, continuação da Rua Ricardo Müller, Paulo Roepke, Santos Dumont, Alberto Pasqualini, Adão Odi Garcia e cont. Av. Júlio de Castilhos)"" e ""5.2 Retirar e encaminhar pessoas a casas de parentes, e se necessário aos abrigos""","alta",""
"Rio Grande","vermelho","semáforo (verde/vermelho)","N/A","Resposta Inicial: Saída em campo das equipes da Defesa Civil, para avaliar as condições de ruas em áreas que já se tem histórico de alagamento (Área Central, Bairro Getúlio Vargas, Salgado Filho, Navegantes, Lar Gaúcho, Zona Leste)"" e ""Anexo 3 - Relação de Abrigos Temporários * locais pré-definidos""","alta",""
"Rio Pardo","vermelho","semáforo (verde/vermelho)","N/A","Não há descrição de trajetos de evacuação com ruas/vias nomeadas ligando áreas de risco a pontos de encontro; o documento lista abrigos com endereços (ex.: ""Ginásio Norberto Ubatubá Figueiró ... Endereço: Rua Mal. Deodoro de Fonseca - Boa Vista, Rio Pardo - RS"") e orientações genéricas sobre controle de trânsito e bloqueios (ex.: ""sinilização de áreas bloqueadas por trânsito... bloquear e sinalizar ruas e acessos""), mas não contém trechos que informem um trajeto específico nomeando ruas até um ponto seguro.","alta",""
"Riozinho","verde","semáforo (verde/vermelho)","Pontos de encontro listados com endereço e coluna ""Descrição da rota de fuga"" indicando rotas de fuga ligando áreas de risco aos pontos: 1) Prefeitura Municipal — Avenida Guerino Pandolfo, nº 580; 2) Pátio da Secretaria de Obras — Rua José Esquinatti, nº 01, Centro; 3) Salão paroquial — Avenida André Brambilla, nº 181; 4) Centro do Idoso de Riozinho — Rua Pascoal Brambilla, nº 835, Centro.","Tabela ""Identificação dos pontos de encontro e rotas de fuga"" listando nome do ponto de encontro, endereço e ""Descrição da rota de fuga"" com os quatro pontos e respectivos endereços.","alta",""
"Roca Sales","vermelho","semáforo (verde/vermelho)","N/A","Não há descrição de trajeto de evacuação específico com ruas nomeadas ligando área de risco a ponto de encontro; o documento traz referências genéricas como ""Evacuação do primeiro piso da Unidade de Saúde Central e Hospital"", ""identificar os locais de abrigos"" e instruções sobre comunicação/alerta, além de listar pontos críticos (ex.: ""Rua 21 de Abril (Lagoa do Delai): 14 metros"") e áreas de risco, mas não descreve rotas nominais de evacuação (rua X até Escola Y).","alta",""
"Rolante","vermelho","semáforo (verde/vermelho)","N/A","O documento lista ""rotas, áreas de evacuação, pontos de encontro, abrigos"" em termos gerais (ex.: ""evacuação/encaminhamento para abrigos como escolas"", ""evacuação zones, escape routes, meeting points"") e fornece listas de abrigos com endereços, mas não descreve trajetos específicos nomeando ruas ligando áreas de risco a pontos de encontro nem apresenta mapa de rotas com ruas identificadas.","alta",""
"Saldanha Marinho","vermelho","semáforo (verde/vermelho)","N/A","Seção 4 — Áreas de Risco do Município — tabela com locais: Esquina Bom Jesus, Campinas, São Lourenço, São Miguel, São Roque, Passo da Felipa, Mato Branco, Santa Tereza (risco: ""Pontes, bueiros, estradas"") e ações listadas como ""Remoção de pessoas de áreas de risco"" e ""Restabelecimento de vias de acesso""; não há descrição de trajetos nominativos ligando áreas de risco a pontos de encontro nem mapa de rotas definido no documento retrieved.","alta",""
"Salto do Jacuí","vermelho","semáforo (verde/vermelho)","N/A","Documento lista ""Áreas de Risco do Município"" com locais/bairros e riscos (ex.: ""Bairros: Portão, CEEE, Cruzeiro, Menino Deus, Centro, Navegantes, Vila Cruz Alta, Harmonia — Risco: granizo e vendaval"") e contém seções de objetivos, acionamento e responsabilidades, mas não descreve trajeto de evacuação com ruas nomeadas nem mapa de rotas.","alta",""
"Salvador do Sul","vermelho","semáforo (verde/vermelho)","N/A","Não há descrição de trajetos de evacuação com ruas nomeadas ligando áreas de risco a pontos de encontro; o documento lista áreas de risco por trechos/ruas e apresenta 'Lista De Abrigos' com endereços (ex.: 'Abrigo I Identificação: Ginásio de esportes Endereço: Parque municipal') e orientações genéricas de ações (ex.: 'Controle do trânsito, pessoas, etc — Brigada Militar'), mas não indica rotas específicas como 'pela Rua X até o ponto de encontro na Escola Y'.","alta",""
"Sananduva","vermelho","semáforo (verde/vermelho)","N/A","Não há no documento descrição de trajeto de evacuação específico com ruas nomeadas ligando área de risco a ponto de encontro; aparecem apenas locais de coordenação/abrigo com endereços (ex.: ""RUA LAGOA VERMELHA Nº25, CENTRO"") e termos genéricos como ""remover pessoas das áreas de risco"" e ""providenciar Abrigos""","alta",""
"Santa Bárbara do Sul","vermelho","semáforo (verde/vermelho)","N/A","""Ponto de Encontro: para os desabrigados/desalojados abrigo 01 (Ginásio Municipal de Esportes Dr. Mário Brum)l para o cenÍo de comando do COMDEC: Prefeitura Municipal."" [ref_id:11]","alta",""
"Santa Cecília do Sul","vermelho","semáforo (verde/vermelho)","N/A","Não há descrição de trajeto de evacuação com ruas nomeadas; o documento lista 'Atividades de Resposta' genéricas, pontos sensíveis, recursos e 'Abrigos' com endereços, sem indicar ruas/vias específicas para um trajeto de evacuação definido.","alta",""
"Santa Clara do Sul","vermelho","semáforo (verde/vermelho)","N/A","O documento lista ruas afetadas e locais (ex.: ""Rua das Begônias; Rua Anadir Terezinha Mantelli; Rua Alberto Schabbach; Rua José Francisco Allgaier; Rua 15 de Novembro; Rua 7 de Setembro; Rua Francisco Alfredo Adams"") e apresenta endereços de abrigos e pontos de comando (ex.: Parque de Máquinas, Av. 28 de Maio, 265), mas não descreve um trajeto de evacuação específico com ruas nomeadas ligando área de risco a um ponto de encontro/abrigo (não há instrução do tipo ""pela Rua X até o ponto de encontro na Escola Y""). [ref_id:3][ref_id:2][ref_id:5]","alta",""
"Santa Cruz do Sul","vermelho","semáforo (verde/vermelho)","N/A","Listagem de ruas/áreas vulneráveis e mapas individuais com acessos (ex.: ""Obs: Acesso pela BR 471 (Trevo com a Rua Ten. O. Jost)"", ""Acesso Principal - BR 471 (Próximo ao Hospitalzinho)."") e ANEXO I com endereços de abrigos, sem indicação de trajeto de evacuação nomeando ruas sequenciais até ponto de encontro seguro.","alta",""
"Santa Maria do Herval","vermelho","semáforo (verde/vermelho)","N/A","Realizar a remoção de pessoas das áreas de risco","alta",""
"Santa Maria","vermelho","semáforo (verde/vermelho)","N/A","""Desenvolver planos de evacuação para áreas de risco, informando a população sobre rotas de evacuação seguras""","alta",""
"Santa Vitória do Palmar","vermelho","semáforo (verde/vermelho)","N/A","Lista de abrigos com endereços (ex.: ""ABRIGO I ... Endereço: Av. Justino Amonte Anacker, nº 351""), menção a procedimentos e 'pelas vias principais' genérico; não há trechos que descrevam trajeto de evacuação com ruas nomeadas ligando área de risco a ponto de encontro.","alta",""
"Santana da Boa Vista","vermelho","semáforo (verde/vermelho)","N/A","Documento contém seção ""Áreas de Risco do Município"" e indicações de ações (alerta, isolamento, organização de abrigos) e uma ""Lista De Abrigos"" com endereços (ex.: ""Abrigo I... Rua Dezessete de Setembro"", ""Abrigo II... Rua Pe. Ramão Fuentemayor"", ""Abrigo III... Rua Aparicio Freitas""), mas não descreve trajeto de evacuação específico nomeando ruas ligando áreas de risco a pontos de encontro nem mapa de rotas definido","alta",""
"Santiago","vermelho","semáforo (verde/vermelho)","N/A","O documento indica repetidamente instruções genéricas como ""Estabelecer rotas de evacuação e locais seguros"" e ""Identificar rotas de evacuação e pontos seguros para triagem e descontaminação"", sem nomear ruas, vias ou traçados específicos conectando áreas de risco a pontos de encontro identificados (ex.: ""Estabelecer rotas de evacuação e locais seguros"" [ref_id:4][ref_id:0]).","alta",""
"Santo Antônio da Patrulha","vermelho","semáforo (verde/vermelho)","N/A","a evacuação das áreas afetadas feita pelas principais ruas e avenidas a serem definidas de acordo com a magnitude do evento adverso.","alta",""
"Santo Antônio do Palma","vermelho","semáforo (verde/vermelho)","N/A","5.3 Evacuação; assistência às vítimas com cadastramento (Secretaria Municipal da Assistência Social) e alojamento em abrigos e casas de parentes.","alta",""
"Santo Antônio do Planalto","vermelho","semáforo (verde/vermelho)","N/A","Não há trecho que descreva trajetos de evacuação específicos com ruas nomeadas; o documento lista ações, responsabilidades, contatos e um abrigo (ginásio) com endereço, e menciona ""liberar/fechar vias"" e ""principalmente pelas vias principais"" de forma genérica, sem indicar percurso como ""pela Rua X até Escola Y"".","alta",""
"Santo Expedito do Sul","vermelho","semáforo (verde/vermelho)","N/A","No documento recuperado não há trechos que listem um trajeto de evacuação com ruas/vias nomeadas ligando área de risco a um ponto de encontro — o plano traz seções sobre objetivos, acionamento, responsabilidades, áreas de risco e lista de anexos/abrigos, mas não descreve rotas específicas nominativas nem mapa de rotas.","alta",""
"Sapiranga","vermelho","semáforo (verde/vermelho)","N/A","Documento apresenta ""Áreas de Risco"" e ""Lista De Abrigos"" com endereços (ex.: Ginásio Municipal de Esporte Nenezão, Santa Helena 210; Centro Municipal de Educação Doutor Décio Gomes Pereira, Rua Presidente Kennedy 2222) e instruções gerais de ações (ex.: ""remover as pessoas afetadas para locais seguros"", ""executar conforme plano de ação""), sem indicação de trajeto definido por ruas nomeadas ligando a área de risco a um ponto de encontro específico.","alta",""
"Sapucaia do Sul","vermelho","semáforo (verde/vermelho)","N/A","""Serão procedidas evacuações ... sendo estabelecida uma rota de fuga."" [ref_id:0]","alta",""
"Segredo","vermelho","semáforo (verde/vermelho)","N/A","Seção ""Áreas de Risco do Município"" lista locais (ex.: Rua dos Imigrantes, Linha Umbu, Serrinha Alta, Linha Turvo e Tamanduá) e seção ""Lista de abrigos"" indica endereço de abrigo (Parque de Eventos Municipal Padre João Pasa), mas não apresenta trajetos de evacuação com ruas/vias nomeadas ligando áreas de risco a ponto de encontro nem mapa de rotas; instruções são genéricas (ex.: ""abrigos"", ""abrir vias principais"", ""limpeza de dutos"") e ações a serem definidas conforme evento.","alta",""
"Selbach","vermelho","semáforo (verde/vermelho)","N/A","Documento lista ações gerais (ex.: ""Retirar e encaminhar as pessoas vulneráveis para abrigos seguros""; ""Retirar e encaminhar as pessoas"") sem indicar ruas, vias nomeadas, trajetos ou ponto de encontro específico.","alta",""
"Sentinela do Sul","vermelho","semáforo (verde/vermelho)","N/A","Não há descrição de trajeto de evacuação com ruas/vias nomeadas ligando área de risco a ponto de encontro; há seção ""7. LISTA DE ABRIGOS"" com endereços de abrigos (Parque Municipal de Eventos — Rua Rui Quadros Machado, Escola Olavo Bilac — Rua Olma Avelino Cézar) e menções genéricas a evacuações/resposta, ações e pontos de apoio, sem indicação de rotas nominativas ou mapa de rotas específico no documento recuperado [ref_id:7][ref_id:4][ref_id:5]","alta",""
"Sertão Santana","vermelho","semáforo (verde/vermelho)","N/A","""ALERTA MÁXIMO. A Defesa Civil de Sertão Santana determina que todos busquem abrigo seguro IMEDIATAMENTE... Moradores de residências vulneráveis (telhado frágil, etc.) devem se dirigir ao Ginásio Estadual de Esportes."" [ref_id:10]","alta",""
"Sertão","vermelho","semáforo (verde/vermelho)","N/A","Documento analisado contém seção de objetivos, acionadores do plano e dados cadastrais, sem indicação de trajetos de evacuação por ruas nomeadas ligando área de risco a ponto de encontro; não há trechos como ""pela Rua X até..."" nem mapas de rotas específicos no conteúdo recuperado.","alta",""
"Severiano de Almeida","vermelho","semáforo (verde/vermelho)","N/A","LISTA DE ABRIGOS ... Endereço: Estrada para linha Antas / Ginásio do Módulo; Endereço: Rua Alberto Sassi, nº42; Endereço: Avenida Getúlio Vargas, nº100; Endereço: Rua Domingo Sponchiado, nº180","alta",""
"Silveira Martins","vermelho","semáforo (verde/vermelho)","N/A","Não há descrição de trajeto de evacuação com ruas nomeadas; o documento contém lista de áreas de risco e lista de abrigos com endereços, e instruções genéricas (ex.: ""Áreas de Risco do Município""; ""Lista De Abrigos – Município"") sem indicar trajetos ou mapas de rotas específicos.","alta",""
"Sobradinho","vermelho","semáforo (verde/vermelho)","N/A","a evacuação das áreas afetadas sempre pelas principais ruas e avenidas a serem definidas de acordo com a magnitude do evento adverso","alta",""
"Soledade","vermelho","semáforo (verde/vermelho)","N/A","Não há descrição de trajeto de evacuação com ruas/vias nomeadas ligando área de risco a um ponto de encontro; o documento traz apenas lista de abrigos com endereços e instruções genéricas sobre evacuação (ex.: ""Evacuação; assistência às vítimas com cadastramento via Secretaria Municipal da Assistência Social e alojamento em abrigos e casas de parentes."") [ref_id:2][ref_id:6]","alta",""
"São Domingos do Sul","vermelho","semáforo (verde/vermelho)","N/A","Não há descrição de trajeto de evacuação com ruas nomeadas; há apenas referência a áreas de risco (ex.: ""Avenida Luiz Benvegnú"") e lista de abrigos com endereços (ex.: ""Ginásio da Sede - Av. Professor Albino Benvegnú""), sem indicar rotas específicas do tipo 'pela Rua X até o ponto de encontro na Escola Y'. [ref_id:0][ref_id:3][ref_id:7][ref_id:4]","alta",""
"São Francisco de Assis","vermelho","semáforo (verde/vermelho)","N/A","Nenhum trecho do documento recuperado descreve um trajeto de evacuação com ruas nomeadas ligando área de risco a ponto de encontro; o documento contém capa e ficha cadastral com eventos adversos mais comuns e contatos municipais.","alta",""
"São Jerônimo","verde","semáforo (verde/vermelho)","Rota de fuga do Bairro Princesa Isabel em direção da BR 401; ROTA DE FUGA DE SÃO JERÔNIMO PARA RS 401: pela RST 470 em direção à BR 290, possibilitando transpor a BR 290 em direção ao interior e também chegar até Arroio dos Ratos para tomar outra direção.","Rota de Fuga do Bairro Princesa Isabel em direção da BR 401; A rota de fuga ... é pela Rst 470 em direção a Br 290 ... concluimos que, em um desastre maior a rota de fuga será essa, pois poderemos transpor a BR 290 em direção ao interior e também podemos chegar até Arroio dos Ratos para tomar outra direção.","alta",""
"São José do Herval","vermelho","semáforo (verde/vermelho)","N/A","O documento lista ""Áreas de Risco"" com ruas/locais afetados (ex.: ""Rua Mathias Feil"", ""Rua Pedro Antonio Nicolau"") e apresenta uma ""LISTA DE ABRIGOS"" com endereços, além de instruções gerais (ex.: ""Retirar e encaminhar pessoas a casas de parentes e, se necessário, aos abrigos"") — não há descrição de trajeto de evacuação específico com ruas nomeadas ligando origem a ponto de encontro nem mapa de rotas detalhado.","alta",""
"São José do Hortêncio","vermelho","semáforo (verde/vermelho)","N/A","A Assessoria de Comunicação Municipal será responsável por elaborar, centralizar e divulgar informações ... rotas de evacuação, pontos de apoio e orientações à população.","alta",""
"São José do Norte","vermelho","semáforo (verde/vermelho)","N/A","Planos de evacuação por bairro; Ativação de abrigos e rotas; Lista de abrigos com endereços (ex.: Rua Fernando Duprat; Rua Evandra Ribeiro da Silva; Av. Presidente Vargas) — sem indicação de trajeto nomeado ligando área de risco a ponto de encontro específico.","alta",""
"São José do Ouro","vermelho","semáforo (verde/vermelho)","N/A","Item 5.3 — ""Evacuação; assistência às vítimas com cadastramento via Secretaria Municipal da Assistência Social e alojamento em abrigos e casas de parentes."" [ref_id:0][ref_id:3]","alta",""
"São José do Sul","vermelho","semáforo (verde/vermelho)","N/A","O documento lista 'Áreas de Risco do Município' e endereços de abrigos (ex.: 'Ginásio Municipal Dom Diogo Baixo, localizado na BR‑470') e descreve ações e procedimentos operacionais, mas não apresenta trajetos de evacuação com ruas/vias nomeadas ligando áreas de risco a ponto de encontro; citações mostram recomendações genéricas e prevenção de risco, não rotas específicas (ex.: tabela '4.3 Áreas de Risco do Município' e formulário 'Abrigo III' com endereço do ginásio).","alta",""
"São João da Urtiga","vermelho","semáforo (verde/vermelho)","N/A","Não há descrito no plano um trajeto de evacuação específico com ruas nomeadas conectando área de risco a ponto de encontro; o documento apresenta apenas ações gerais, atribuições e lista de abrigos (ex.: ""Elaborar planejamento e modificaçôes, tais como rotas, sinalização, etc""; ""Lista de Abrigos: Ginásio Municipal... Endereço: Rua Onedison Caprini"" )","alta",""
"São João do Polêsine","vermelho","semáforo (verde/vermelho)","N/A","Lista de Abrigos com endereços (ex.: ""Identificação: Centro de Eventos Municipal Alfredo Roberto Bortolotto Endereço: Rua Guilherme Alberti, Centro, São João do Polêsine"") e referências genéricas a áreas/ruas não especificando trajetos (ex.: ""pelas vias principais"" não encontrado) — documento lista abrigos e áreas de risco, sem descrever trajetos de evacuação por ruas nomeadas ligando origem a ponto de encontro.","alta",""
"São Leopoldo","verde","semáforo (verde/vermelho)","Região Oeste: pela ruas Vicentina Maria Fidelis, Visconde de São Leopoldo e adjacentes em direção ao Parque do Trabalhador; Região Norte: pelas ruas Pindaí, Ianduí, Ipamoriti, Roberto Luiz Haas e adjacentes em direção à Rua Campo Bom e posterior direção à EMEF Álvaro Nunes; Região Nordeste: saindo da região da lagoa da Ocupação Steigleder pela Dom Feliciano e adjacentes, ruas Délcio Freitas e adjacentes, em direção à Rua Cora Coralina e posterior EMEF Francisco Candido Xavier; Região Pinheiro: saída da Rua Camélias, Rua João Alves Pereira e adjacentes em direção à Av. Imperatriz Leopoldina e posterior à SEMOV; Região Leste: pelas ruas Otto Daudt, Carlos Bier, Frederico Mayer e adjacentes em direção à Rua Valentim Allgayer e posterior Associação Tradicionalista da Feitoria.","“Sugestão de rota pelas ruas Vicentina Maria Fidelis, Visconde de São Leopoldo e adjacentes, em direção ao Parque do trabalhador”; “Sugestão de rota de fuga pelas Ruas, Pindaí, Ianduí, Ipamoriti, Roberto Luiz Haas e adjacentes em direção a Rua Campo Bom e posterior direção a EMEF Álvaro Nunes”; “Sugestão de rotas, saindo da região da lagoa da Ocupação Steigleder pela Dom Feliciano e adjacentes, Ruas Délcio Freitas e adjacentes, em direção à Rua Cora Coralina e posterior EMEF Francisco Candido Xavier”; “Sugestão de rota, saída da Rua Camélias, Rua João Alves Pereira e adjacentes em direção a Av. Imperatriz Leopoldina e posterior a SEMOV”; “Sugestão de rota pelas Ruas Otto Daudt, Carlos Bier, Frederico Mayer e adjacentes em direção à Rua Valentim Allgayer e posterior Associação Tradicionalista da Feitoria.”","alta",""
"São Lourenço do Sul","vermelho","semáforo (verde/vermelho)","N/A","N/A","baixa",""
"São Martinho da Serra","vermelho","semáforo (verde/vermelho)","N/A","Não há descrição de trajeto de evacuação com ruas nomeadas; o documento lista ações gerais, estágios operacionais, vigilância, atenção à saúde e identificação de localidades ribeirinhas, mas não especifica rotas (ex.: ""Identificação das localidades ribeirinhas, localidades potenciais de desmoronamento."") [ref_id:3][ref_id:0]","alta",""
"São Pedro da Serra","vermelho","semáforo (verde/vermelho)","N/A","Não há descrição de trajeto de evacuação com ruas nomeadas; o documento apresenta apenas dados cadastrais, contatos, coordenadas de heliponto e referências genéricas a ações (ex.: ""será destinado carro pipa"", ""Para os casos de deslizamento, será acionado o secretario de obras e os bombeiros"") sem indicar ruas ou percurso definido.","alta",""
"São Pedro do Sul","vermelho","semáforo (verde/vermelho)","N/A","Documento listado: ""PLANO DE CONTINGÊNCIA SPS.docx""; conteúdo presente na página: descrição geral do município, principais vias (BR-287) e locais (Prefeitura, Local de Doações), sem trecho com trajeto de evacuação nomeando ruas ligando área de risco a ponto de encontro.","alta",""
"São Sebastião do Caí","verde","semáforo (verde/vermelho)","Exemplo de rota indicada: ""Siga na direção norte na R. Gen. Câmara em direção à R. Tiradentes; Vire à direita na 1ª rua transversal para R. Tiradentes; Vire à esquerda na Av. Dr. Bruno Cassel; Vire à direita na ERS-122; Vire à direita na R. Da Boate; Vire à direita na R. Ijui; Vire à esquerda na R. Ver. José Goularte.""","ROTA 01: 1. Siga na direção norte na R. Gen. Câmara em direção à R. Tiradentes 2. Vire à direita na 1ª rua transversal para R. Tiradentes 3. Vire à esquerda na Av. Dr. Bruno Cassel 4. Vire à direita na ERS-122 5. Vire à direita na R. Da Boate 6. Vire à direita na R. Ijui 7. Vire à esquerda na R. Ver. José Goularte","alta",""
"São Sepé","vermelho","semáforo (verde/vermelho)","N/A","Tabela de Cenários de Risco indica locais afetados (ex.: ""Encosta do Rio São Sepé ... final da Rua Osvaldo Aranha"") e há ""Lista de abrigos"" com endereço do Ginásio Municipal (Av. Júlio Vargas, Nº 3112), porém o documento não descreve trajetos de evacuação com ruas/vias nomeadas ligando área de risco a ponto de encontro nem mapas de rota explícitos; ações de evacuação são genéricas (ex.: ""Retirar e encaminhar as pessoas para casas de parentes e, se necessário, aos abrigos"")","alta",""
"São Vendelino","vermelho","semáforo (verde/vermelho)","N/A","Coordenar a evacuação imediata da população em áreas de risco iminente.","alta",""
"São Vicente do Sul","vermelho","semáforo (verde/vermelho)","N/A","Não há descrição de trajetos de evacuação com ruas/vias nomeadas ligando áreas de risco a ponto de encontro; o documento lista áreas de risco, ações gerais, responsabilidades, bloqueio de trechos e abrigos com endereços (ex.: Abrigo I Identificação: Ginásio de Esportes Endereço: Rua Carapé, 424) e indicações genéricas como 'Realizar o bloqueio de trechos de rua quando necessário' e 'Controlar o Trânsito, visando à orientação' em vez de rotas definidas.","alta",""
"Sério","vermelho","semáforo (verde/vermelho)","N/A","No item 2.1.2 do sumário aparece 'Rota de fuga', porém o conteúdo recuperado não traz descrições de trajeto com ruas nomeadas; o documento descreve ações gerais por cenário (ex.: 'Desobstrução de vias e acessos a outros municípios', 'Concentração de doações no prédio principal da Prefeitura Municipal') e lista instalações/endereços, sem indicar um trajeto específico entre área de risco e ponto de encontro com nomes de ruas.","alta",""
"Tabaí","vermelho","semáforo (verde/vermelho)","N/A","Não há indicação de trajeto de evacuação com ruas nomeadas; o documento lista ""Áreas de Risco"" genéricas (ex.: ""Todo município"" / ""ESTIAGEM"") e contém seção ""Lista de Abrigos"" sem descrições de rotas específicas","alta",""
"Tapejara","vermelho","semáforo (verde/vermelho)","N/A","Não há descrição de trajeto de evacuação com ruas nomeadas ligando área de risco a ponto de encontro; o documento apresenta apenas lista de abrigos e instruções genéricas como 'Elaborar planejamento e modificações, tais como rotas, sinalização, etc.' e 'Controlar o trânsito, visando à orientação e evitar deslocamentos desnecessários'","alta",""
"Tapera","verde","semáforo (verde/vermelho)","Não se fez necessária a elaboração de rotas de fuga específicas para o município... Assim, todos os deslocamentos emergenciais no município serão orientados para escolas, ginásios municipais, salões comunitários e igrejas, considerados os pontos de encontro e abrigamento mais adequados, de acordo com a localização e a necessidade das comunidades afetadas.","Não se fez necessária a elaboração de rotas de fuga específicas para o município, considerando que a área urbana é de pequena extensão e facilmente acessível. ... Assim, todos os deslocamentos emergenciais no município serão orientados para escolas, ginásios municipais, salões comunitários e igrejas, considerados os pontos de encontro e abrigamento mais adequados, de acordo com a localização e a necessidade das comunidades afetadas.","alta",""
"Tapes","vermelho","semáforo (verde/vermelho)","N/A","Listas e descrições presentes no documento incluem: (a) áreas de risco nomeadas (ex.: Arroio Teixeira, Balneário Rebello, Pinvest, Centro, Pontal) e um mapa de inundação mostrando setores/ruas afetadas (ex.: Rua Caramuru), (b) lista de abrigos com endereços (ex.: Rua Vitalina Lima Meireles, Rua Professor Luiz Vieira, Paróquia Nossa Senhora do Carmo), (c) instruções genéricas de evacuação/ativação do plano e responsabilidades por órgãos, mas não há trechos que indiquem um trajeto de evacuação específico com ruas/vias nomeadas ligando uma área de risco a um ponto de encontro seguro (ex.: ""pela Rua X até a Escola Y"").","alta",""
"Taquara","vermelho","semáforo (verde/vermelho)","N/A","Página com título '2.1.2 Rota de fuga' está praticamente em branco (sem descrição de ruas) e o documento apresenta apenas itens genéricos como 'Rota de fuga' no sumário e planejamento/atribuições com abrigo e recursos, sem indicação de trajeto nomeado entre área de risco e ponto de encontro","alta",""
"Taquari","vermelho","semáforo (verde/vermelho)","N/A","O documento lista ações de evacuação genéricas como ""remoção de famílias em risco iminente"" e responsabilidades por alertas/abrigos (ex.: ""Retirada da população das áreas de risco.""; ""Identificar locais para abrigamento; instalar abrigos temporários."") e descreve níveis de alerta e procedimentos de monitoramento, sem descrever trajetos ou ruas nomeadas ligando áreas de risco a pontos de encontro específicos.","alta",""
"Tavares","vermelho","semáforo (verde/vermelho)","N/A","Lista de Abrigos — Identificação: Ginásio de Esportes Professora Maria Alzira — Endereço: Rua Tereza Carvalho de Noronha; Identificação: CRAS — Endereço: Rua Marcelo Gama; texto: ""5.2 Isolamento do local a ser feito pela Secretaria Municipal de Obras Públicas e urbanas. SMOPSU""; não há trechos que indiquem um trajeto de evacuação com ruas/vias nomeadas ligando área de risco a ponto de encontro","alta",""
"Teutônia","vermelho","semáforo (verde/vermelho)","N/A","Locais de Acolhimento: Conforme “Anexo D”.","alta",""
"Tio Hugo","vermelho","semáforo (verde/vermelho)","N/A","Não há descrição de trajeto de evacuação com ruas/vias nomeadas ligando área de risco a ponto de encontro; o documento traz apenas lista de abrigos com endereços e orientações genéricas sobre evacuação e atuação (ex.: ""Atuar na busca, salvamento e evacuação das pessoas atingidas pelo desastre"") e lista de abrigos (ex.: ""Abrigo I Identificação: Ginásio Municipal De Esportes Gilmar Mühl Endereço: Parque Municipal de Eventos""). [ref_id:6][ref_id:3]","alta",""
"Toropi","vermelho","semáforo (verde/vermelho)","N/A","Lista De Abrigos contém endereços de abrigos (ex.: ""Ginásio Municipal de Esportes - Rua Afonso Maurer"", ""Pavilhão da Comunidade Católica - Av. Emancipação – Centro"", ""Pavilhão da Comunidade Luterana São Paulo - Rua 22 de outubro – centro""). O documento de áreas de risco cita locais e trechos (ex.: ""Rua 20 e parte Rua 22 de outubro próximo Arroio Barrero"") mas não descreve trajeto de evacuação específico ligando área de risco a ponto de encontro por ruas nomeadas.","alta",""
"Travesseiro","vermelho","semáforo (verde/vermelho)","N/A","7. Lista de Abrigos. Abrigo 1 Identificação Ginásio Municipal Endereço Rua Augusto Marco Stefani, s/n - Centro","alta",""
"Triunfo","vermelho","semáforo (verde/vermelho)","N/A","""O Abrigo para ponto de Encontro em caso de desastre será o Escola Municipal Oswaldo Aranha."" [ref_id:8]","alta",""
"Três Arroios","vermelho","semáforo (verde/vermelho)","N/A","Seção 6 — Ações: ""III. Evacuação e assistência às vítimas com cadastramento via Secretaria Municipal de Assistência Social; acolhimento em abrigos ou casas de familiares."" e tabela de áreas de risco referindo ""inundar casas, pontes, estradas... impedindo o deslocamento da população.""","alta",""
"Três Coroas","vermelho","semáforo (verde/vermelho)","N/A","""A evacuação ... sendo a evacuação das áreas afetadas sempre pelas principais ruas a serem definidas de acordo com a magnitude do evento adverso"" [ref_id:15]","alta",""
"Tunas","vermelho","semáforo (verde/vermelho)","N/A","Evacuação da área de risco: Em caso de risco será realizada a evacuação das famílias que residem próximo a área de risco de forma preventiva. Essa evacuação será realizada pela Defesa Civil Municipal e pela Assistência Social. Em caso de as famílias não ter parentes ou amigos que possam as abrigar temporariamente os mesmos serão encaminhados para um local seguro (abrigo I) previamente organizado pela Secretaria de Assistência Social...","alta",""
"Tupanci do Sul","vermelho","semáforo (verde/vermelho)","N/A","Realizar a remoção de pessoas das áreas de risco Dispor de veículos para transporte de recursos humanos e materiais para socorra às vítimas Abrigos - Endereço: Av. Luiz Panisson","alta",""
"Tupanciretã","vermelho","semáforo (verde/vermelho)","N/A","Seções consultadas listam ""Áreas de Risco do Município"" e ações/recursos (ex.: tabela de locais e riscos, lista de ações 5.1–5.8, identificação de abrigos e estoques), mas não apresentam trechos que descrevam um trajeto de evacuação específico com ruas/vias nomeadas ligando área de risco a ponto de encontro; há menção genérica a deslocamento para ""Posto de Comando"" e uso de ""vias"" sem nomes próprios especificados. [ref_id:4][ref_id:5][ref_id:3]","alta",""
"Tupandi","vermelho","semáforo (verde/vermelho)","N/A","O documento apresenta uma seção ""Lista De Abrigos"" com endereços dos abrigos (ex.: ""Ginásio Municipal Júlio Redecker — Rua Carlos F. Mombach"") e identifica áreas de risco (ex.: ""Várzea, São Benedito, Rua da Produção""), mas não descreve trajetos de evacuação com ruas nomeadas ligando áreas de risco a ponto de encontro nem apresenta mapa de rotas especificando ruas para evacuação [ref_id:3][ref_id:1][ref_id:2]","alta",""
"Turuçu","vermelho","semáforo (verde/vermelho)","N/A","Observações mencionam alagamentos em ruas específicas (Ruas Marcos Militão de Borba, Theodoro Bartz, avenida Arthur Lange, Costa do Arroio Grande, loteamento Neldo Ramm e Vila Anderson), e há seção ""Lista De Abrigos"" com endereços de abrigos; não há descrição de trajeto de evacuação com ruas nomeadas ligando área de risco a ponto de encontro nem mapa de rotas definido.","alta",""
"Unistalda","vermelho","semáforo (verde/vermelho)","N/A","LISTA DE ABRIGOS Identificação: Ginasio de Esportes Heron Ribeiro Endereço: Rua Neto Finamor ...5.2 Retirar e encaminhar pessoas a casas de parentes e se necessário aos abrigos ...o Elaborar planejamento e modificações, tais como rotas, sinalização, etc. em locais vulneráveis ou em evolução.","alta",""
"Vale Real","vermelho","semáforo (verde/vermelho)","N/A","As ruas aqui elencadas são pontos de referência a serem utilizadas em caso de eventos de inundação, enxurradas e alagamentos, sempre atentar a possíveis pontos não mencionados que possam ser atingidos.","alta",""
"Vale Verde","vermelho","semáforo (verde/vermelho)","N/A","Documentos apresentam lista de áreas de risco, instruções gerais de ação e lista de abrigos com endereços (ex.: ""Abrigo I ... Endereço: Rua Benno Schuch""), mas não descrevem trajeto de evacuação com ruas nomeadas ligando área de risco a ponto de encontro nem mapa de rotas específico.","alta",""
"Vanini","vermelho","semáforo (verde/vermelho)","N/A","O documento lista atividades de remoção e abrigos com endereços (ex.: ""Realizar a remoção de pessoas das áreas de risco"") e nomes/endereços de abrigos (ex.: ""Endereço: Rua Duque de Caxias"", ""Centro Esportivo Municipal - Endereço: Comunidade São João""), mas não descreve trajeto(s) específico(s) por ruas ligando áreas de risco a ponto(s) de encontro/locais seguros nem mapa de rotas.","alta",""
"Venâncio Aires","vermelho","semáforo (verde/vermelho)","N/A","Lista de ABRIGOS com endereços (ex.: ""ABRIGO I - PARQUE DO CHIMARRÃO"", ""ABRIGO II - GINÁSIO LINHA MANGUEIRÃO"") e ""ÁREAS VULNERÁVEIS DO MUNICÍPIO – IDENTIFICAÇÃO DE ÁREA DE RISCO"" com bairros/trechos afetados, além de mapas de manchas de inundação, sem descrição de trajetos de evacuação com ruas nomeadas ligando área de risco a ponto de encontro","alta",""
"Vera Cruz","vermelho","semáforo (verde/vermelho)","N/A","Não há descrição de trajetos de evacuação específicos com ruas nomeadas ligando áreas de risco a pontos de encontro; o documento apresenta atribuições institucionais, lista de contatos, recursos e quebras de cenário, mas não indica rotas definidas (por exemplo: ""Elaborar planejamento e modificações, tais como rotas, sinalização, etc. em locais vulneráveis ou em evolução."") [ref_id:3]","alta",""
"Vespasiano Corrêa","vermelho","semáforo (verde/vermelho)","N/A","Capacitação de voluntários e rotas de evacuação - Formação de equipes de apoio e definição de caminhos seguros.","alta",""
"Viadutos","vermelho","semáforo (verde/vermelho)","N/A","Nenhum documento foi anexado.","alta",""
"Viamão","vermelho","semáforo (verde/vermelho)","N/A","As equipes devem percorrer as ruas designadas, orientando os moradores a se dirigirem ao ponto de encontro.","alta",""
"Victor Graeff","vermelho","semáforo (verde/vermelho)","N/A","O documento lista evacuação e alojamento em abrigos: ""Evacuação; assistência às vítimas com cadastramento via Secretaria Municipal da Assistência Social e alojamento em abrigos e casas de parentes"" e apresenta apenas endereços de abrigos sem descrever trajetos nomeados entre área de risco e ponto de encontro; também usa termos genéricos como ""toda área do município"" e meios de alerta (rádio, site, WhatsApp) sem rotas nomeadas.","alta",""
"Vila Lângaro","vermelho","semáforo (verde/vermelho)","N/A","O documento lista ações de evacuação/serviços (ex.: ""5.3 - Atuar na busca, salvamento e evacuação das pessoas atingida pelo desastre"") e apresenta uma ""LISTA DE ABRIGOS"" com endereços (ex.: ""Endereço: Avenida Vitório Costella n°605""), mas não descreve trajetos ou ruas nomeadas ligando áreas de risco a ponto de encontro/abrigo nem mapa de rotas definidos.","alta",""
"Vila Maria","vermelho","semáforo (verde/vermelho)","N/A","Não há descrição de trajeto de evacuação com ruas nomeadas conectando área de risco a ponto de encontro; o documento lista ações genéricas de remoção e abrigo e apresenta endereço de abrigos (ex.: ""Endereço: Rua Dr. Getúlio Vargas 644"") mas não indica rota definida como ""pela Rua X até...""","alta",""
"Vila Nova do Sul","vermelho","semáforo (verde/vermelho)","N/A","Lista De Abrigos ... Abrigo III Identificação: Escola Municipal Maria Pereira Teixeira Endereço: Rua: Jarves Alves Dias, 100, Ribeiro","alta",""
"Westfália","vermelho","semáforo (verde/vermelho)","N/A","Lista de Abrigos ... Identificação Ginásio Municipal ... Endereço Linha Paissandu Rua Alfredo Dahmer, 862 - Centro Rua Henrique Uebel Linha Berlim","alta",""
"Água Santa","vermelho","semáforo (verde/vermelho)","N/A","Não há no documento trecho que descreva um trajeto de evacuação com ruas/vias nomeadas ligando área de risco a ponto de encontro; as seções listam áreas de risco, responsáveis, ações e contatos, sem indicação de rota como ""pela Rua X até o ponto de encontro na Escola Y"" ou mapa de rotas.","alta",""
"Áurea","vermelho","semáforo (verde/vermelho)","N/A","Lista de abrigos com endereços (ex.: ""Endereço: Praça João Paulo II, Nº 33 - Centro""; ""Endereço: Rua da Matriz, 267, Centro""), e menções genéricas a ações como ""realizar a remoção de pessoas das áreas de risco"" e ""principal(ais) vias"" sem descrição de trajeto específico","alta",""
